组名,玩家,类型,可动,元素数,轴心X,轴心Y,轴心Z,建议按压Y,组UUID
p1_button_1,1,button,true,6,17.285,13.3825,1.397,-0.12,caa144ad-84f0-44b0-a5e1-ec8fef210832
p1_button_2,1,button,true,6,16.053,13.3825,1.529,-0.12,b3b72611-ecdb-455e-a2ab-4e546a4d50fa
p1_button_3,1,button,true,6,14.821,13.3825,1.397,-0.12,a210d4d1-7cdf-49c0-ab16-d3e6b24d3350
p1_button_4,1,button,true,6,17.285,13.3825,2.75,-0.12,9e573b26-b751-44a1-a79c-fada0b819173
p1_button_5,1,button,true,6,16.053,13.3825,2.882,-0.12,08534d7f-e301-432a-ad14-5419e307a043
p1_button_6,1,button,true,6,14.821,13.3825,2.75,-0.12,9ae9a300-5b1e-4f38-a042-a653c5e0f4c4
p1_start,1,start,true,6,18.759,13.333,1.386,-0.08,08ed52eb-e5ae-46d1-ae96-7b7110d1a3ac
p1_joystick,1,joystick,true,19,20.86,13.3495,2.97,,d59103bf-11b0-4988-a4b1-daed388fcf01
p1_joystick_base,1,fixed,false,6,20.86,13.3055,2.97,,fa3e0a78-6d23-46b6-a1f2-d71d2e53101f
p2_button_1,2,button,true,6,5.285,13.3825,1.397,-0.12,2919ac3a-4bb2-409f-af4e-0bdeffab51eb
p2_button_2,2,button,true,6,4.053,13.3825,1.529,-0.12,7345fb39-aae5-4cda-a77d-356ab8519461
p2_button_3,2,button,true,6,2.8209999999999997,13.3825,1.397,-0.12,ad82e499-a630-4a8d-af9f-ab16a93705ae
p2_button_4,2,button,true,6,5.285,13.3825,2.75,-0.12,afae98d9-fc3d-4c1c-a71d-0363e4e0bf2f
p2_button_5,2,button,true,6,4.053,13.3825,2.882,-0.12,5e1f991d-09f3-48f5-ab4a-0f73a4c403a6
p2_button_6,2,button,true,6,2.8209999999999997,13.3825,2.75,-0.12,e961dfe8-bc21-4f52-a05b-d40c97754043
p2_start,2,start,true,6,6.759,13.333,1.386,-0.08,9a830bae-69a6-47fe-a82a-ff39888602c6
p2_joystick,2,joystick,true,19,8.86,13.3495,2.97,,926ec39f-1985-4768-a2b3-3a50914d3582
p2_joystick_base,2,fixed,false,6,8.86,13.3055,2.97,,62fcabf0-578a-4b3b-a31e-e3b0f8dd58e2