元素编号,部件名称,面,X,Y,宽,高,分区
9,"左侧板·下段整板",east,73.000000006,532.4,326.304222222,251.9,world_projection
10,"左侧板·连续后脊",east,73.000000006,93.94,144.804222222,458.26,world_projection
11,"左侧板·腰部闭合片",east,245.304222228,499.4,119.9,36.3,world_projection
12,"左侧板·肩部闭合片",east,73.000000006,150.7,144.804222222,80.3,world_projection
14,"左侧板·控制台鼻部",east,350.244222228,497.86,101.86,40.7,world_projection
17,"左侧板·灯箱回弯斜肩",east,210.104222228,159.28,70.4,12.32,world_projection
18,"左侧板·灯箱颊板",east,73.000000006,93.94,210.804222222,69.96,world_projection
235,"左侧板·屏台接缝闭合片",east,258.504222228,449.9,28.6,50.6,world_projection
13,"左側板·后仰屏边",east,43.242467359,831.242467359,157.151584678,343.701540079,world_projection
15,"左侧板·鼻部下斜面",east,199.633146188,1229.302728485,57.283590013,19.454804155,world_projection
16,"左侧板·屏下连接",east,111.334281903,1156.570025736,95.112375871,48.637010389,world_projection
22,"右侧板·下段整板",west,618,532.4,326.304222222,251.9,world_projection
23,"右侧板·连续后脊",west,799.5,93.94,144.804222222,458.26,world_projection
24,"右侧板·腰部闭合片",west,652.1,499.4,119.9,36.3,world_projection
25,"右侧板·肩部闭合片",west,799.5,150.7,144.804222222,80.3,world_projection
27,"右侧板·控制台鼻部",west,565.2,497.86,101.86,40.7,world_projection
30,"右侧板·灯箱回弯斜肩",west,736.8,159.28,70.4,12.32,world_projection
31,"右侧板·灯箱颊板",west,733.5,93.94,210.804222222,69.96,world_projection
236,"右侧板·屏台接缝闭合片",west,730.2,449.9,28.6,50.6,world_projection
26,"右側板·后仰屏边",west,611.765151523,831.242467359,157.151584678,343.701540079,world_projection
28,"右侧板·鼻部下斜面",west,555.242467359,1229.302728485,57.283590013,19.454804155,world_projection
29,"右侧板·屏下连接",west,605.712545786,1156.570025736,95.112375871,48.637010389,world_projection
45,"可贴图边框_左",north,1088,192,57.834296724,628.408477842,bezel_projection
46,"可贴图边框_右",north,1926.165703276,192,57.834296724,628.408477842,bezel_projection
47,"可贴图边框_上",north,1145.834296724,192,780.331406551,26.327552987,bezel_projection
48,"可贴图边框_下",north,1145.834296724,803.144508671,780.331406551,17.263969171,bezel_projection
49,"4比3双人通用屏幕",north,1200,280,672,504,screen
56,"独立空白灯箱面",north,1088,40,896,105.26854764,marquee
1,"落地底座",north,78.6,1750.6,94.64,3,independent
1,"落地底座",east,179.24,1750.6,46.6,3,independent
1,"落地底座",south,231.84,1750.6,94.64,3,independent
1,"落地底座",west,26,1750.6,46.6,3,independent
1,"落地底座",up,78.6,1698,94.64,46.6,independent
1,"落地底座",down,78.6,1759.6,94.64,46.6,independent
2,"下柜内部承重箱",north,370.6,1860.6,91.04,45,independent
2,"下柜内部承重箱",east,467.64,1860.6,43.6,45,independent
2,"下柜内部承重箱",south,517.24,1860.6,91.04,45,independent
2,"下柜内部承重箱",west,321,1860.6,43.6,45,independent
2,"下柜内部承重箱",up,370.6,1811,91.04,43.6,independent
2,"下柜内部承重箱",down,370.6,1911.6,91.04,43.6,independent
3,"下前整板",north,1088,1168,896,444.8085485,lower
3,"下前整板",east,949.84,1803,2,44.6,independent
3,"下前整板",south,957.84,1803,89.84,44.6,independent
3,"下前整板",west,846,1803,2,44.6,independent
3,"下前整板",up,854,1795,89.84,2,independent
3,"下前整板",down,854,1853.6,89.84,2,independent
4,"踢脚黑边",north,621,1930,92.24,3.12,independent
4,"踢脚黑边",east,719.24,1930,2,3.12,independent
4,"踢脚黑边",south,727.24,1930,92.24,3.12,independent
4,"踢脚黑边",west,613,1930,2,3.12,independent
4,"踢脚黑边",up,621,1922,92.24,2,independent
4,"踢脚黑边",down,621,1939.12,92.24,2,independent
5,"后背整板",north,852.6,1870.6,92.64,124.04,independent
5,"后背整板",east,951.24,1870.6,2.6,124.04,independent
5,"后背整板",south,959.84,1870.6,92.64,124.04,independent
5,"后背整板",west,844,1870.6,2.6,124.04,independent
5,"后背整板",up,852.6,1862,92.64,2.6,independent
5,"后背整板",down,852.6,2000.64,92.64,2.6,independent
6,"控制台内部承托",north,76.2,1861.2,91.84,6.4,independent
6,"控制台内部承托",east,174.04,1861.2,44.2,6.4,independent
6,"控制台内部承托",south,224.24,1861.2,91.84,6.4,independent
6,"控制台内部承托",west,26,1861.2,44.2,6.4,independent
6,"控制台内部承托",up,76.2,1811,91.84,44.2,independent
6,"控制台内部承托",down,76.2,1873.6,91.84,44.2,independent
7,"控制台内支撑梁",north,60.2,1956.2,90.64,10,independent
7,"控制台内支撑梁",east,156.84,1956.2,28.2,10,independent
7,"控制台内支撑梁",south,191.04,1956.2,90.64,10,independent
7,"控制台内支撑梁",west,26,1956.2,28.2,10,independent
7,"控制台内支撑梁",up,60.2,1922,90.64,28.2,independent
7,"控制台内支撑梁",down,60.2,1972.2,90.64,28.2,independent
8,"后部内支撑梁",north,345.2,1774.2,90.64,7.08,independent
8,"后部内支撑梁",east,441.84,1774.2,8.2,7.08,independent
8,"后部内支撑梁",south,456.04,1774.2,90.64,7.08,independent
8,"后部内支撑梁",west,331,1774.2,8.2,7.08,independent
8,"后部内支撑梁",up,345.2,1760,90.64,8.2,independent
8,"后部内支撑梁",down,345.2,1787.28,90.64,8.2,independent
9,"左侧板·下段整板",north,1419,1832,3,45.8,independent
9,"左侧板·下段整板",south,1480,1832,3,45.8,independent
9,"左侧板·下段整板",west,1367,1832,46,45.8,independent
9,"左侧板·下段整板",up,1419,1780,3,46,independent
9,"左侧板·下段整板",down,1419,1883.8,3,46,independent
11,"左侧板·腰部闭合片",north,1435.8,1725.8,3,6.6,independent
11,"左侧板·腰部闭合片",south,1472.6,1725.8,3,6.6,independent
11,"左侧板·腰部闭合片",west,1408,1725.8,21.8,6.6,independent
11,"左侧板·腰部闭合片",up,1435.8,1698,3,21.8,independent
11,"左侧板·腰部闭合片",down,1435.8,1738.4,3,21.8,independent
14,"左侧板·控制台鼻部",north,1308.52,1975.52,3,7.4,independent
14,"左侧板·控制台鼻部",south,1342.04,1975.52,3,7.4,independent
14,"左侧板·控制台鼻部",west,1284,1975.52,18.52,7.4,independent
14,"左侧板·控制台鼻部",up,1308.52,1951,3,18.52,independent
14,"左侧板·控制台鼻部",down,1308.52,1988.92,3,18.52,independent
15,"左侧板·鼻部下斜面",north,1639.6,2001.6,3,3.6,independent
15,"左侧板·鼻部下斜面",south,1665.2,2001.6,3,3.6,independent
15,"左侧板·鼻部下斜面",west,1623,2001.6,10.6,3.6,independent
15,"左侧板·鼻部下斜面",up,1639.6,1985,3,10.6,independent
15,"左侧板·鼻部下斜面",down,1639.6,2011.2,3,10.6,independent
16,"左侧板·屏下连接",north,1724.6,1721.6,3,9,independent
16,"左侧板·屏下连接",south,1757.2,1721.6,3,9,independent
16,"左侧板·屏下连接",west,1701,1721.6,17.6,9,independent
16,"左侧板·屏下连接",up,1724.6,1698,3,17.6,independent
16,"左侧板·屏下连接",down,1724.6,1736.6,3,17.6,independent
19,"左下柜前包边",north,1676,1706,3.2,44.72,independent
19,"左下柜前包边",east,1685.2,1706,2,44.72,independent
19,"左下柜前包边",south,1693.2,1706,3.2,44.72,independent
19,"左下柜前包边",west,1668,1706,2,44.72,independent
19,"左下柜前包边",up,1676,1698,3.2,2,independent
19,"左下柜前包边",down,1676,1756.72,3.2,2,independent
22,"右侧板·下段整板",north,1539,1750,3,45.8,independent
22,"右侧板·下段整板",east,1548,1750,46,45.8,independent
22,"右侧板·下段整板",south,1600,1750,3,45.8,independent
22,"右侧板·下段整板",up,1539,1698,3,46,independent
22,"右侧板·下段整板",down,1539,1801.8,3,46,independent
24,"右侧板·腰部闭合片",north,1239.8,1978.8,3,6.6,independent
24,"右侧板·腰部闭合片",east,1248.8,1978.8,21.8,6.6,independent
24,"右侧板·腰部闭合片",south,1276.6,1978.8,3,6.6,independent
24,"右侧板·腰部闭合片",up,1239.8,1951,3,21.8,independent
24,"右侧板·腰部闭合片",down,1239.8,1991.4,3,21.8,independent
27,"右侧板·控制台鼻部",north,1642.52,1839.52,3,7.4,independent
27,"右侧板·控制台鼻部",east,1651.52,1839.52,18.52,7.4,independent
27,"右侧板·控制台鼻部",south,1676.04,1839.52,3,7.4,independent
27,"右侧板·控制台鼻部",up,1642.52,1815,3,18.52,independent
27,"右侧板·控制台鼻部",down,1642.52,1852.92,3,18.52,independent
28,"右侧板·鼻部下斜面",north,1689.6,2001.6,3,3.6,independent
28,"右侧板·鼻部下斜面",east,1698.6,2001.6,10.6,3.6,independent
28,"右侧板·鼻部下斜面",south,1715.2,2001.6,3,3.6,independent
28,"右侧板·鼻部下斜面",up,1689.6,1985,3,10.6,independent
28,"右侧板·鼻部下斜面",down,1689.6,2011.2,3,10.6,independent
29,"右侧板·屏下连接",north,1707.6,1851.6,3,9,independent
29,"右侧板·屏下连接",east,1716.6,1851.6,17.6,9,independent
29,"右侧板·屏下连接",south,1740.2,1851.6,3,9,independent
29,"右侧板·屏下连接",up,1707.6,1828,3,17.6,independent
29,"右侧板·屏下连接",down,1707.6,1866.6,3,17.6,independent
32,"右下柜前包边",north,1692,1771,3.2,44.72,independent
32,"右下柜前包边",east,1701.2,1771,2,44.72,independent
32,"右下柜前包边",south,1709.2,1771,3.2,44.72,independent
32,"右下柜前包边",west,1684,1771,2,44.72,independent
32,"右下柜前包边",up,1692,1763,3.2,2,independent
32,"右下柜前包边",down,1692,1821.72,3.2,2,independent
35,"操作台黑色托盘",north,562.92,1983.92,90.88,2,independent
35,"操作台黑色托盘",east,659.8,1983.92,17.92,2,independent
35,"操作台黑色托盘",south,683.72,1983.92,90.88,2,independent
35,"操作台黑色托盘",west,539,1983.92,17.92,2,independent
35,"操作台黑色托盘",up,562.92,1960,90.88,17.92,independent
35,"操作台黑色托盘",down,562.92,1991.92,90.88,17.92,independent
36,"独立空白控制面",north,588.6,1720.6,89.44,2,independent
36,"独立空白控制面",east,684.04,1720.6,16.6,2,independent
36,"独立空白控制面",south,706.64,1720.6,89.44,2,independent
36,"独立空白控制面",west,566,1720.6,16.6,2,independent
36,"独立空白控制面",up,1088,932,896,166.2969589,control
36,"独立空白控制面",down,588.6,1728.6,89.44,16.6,independent
37,"操作台前围板",north,809,1706,91.04,4.76,independent
37,"操作台前围板",east,906.04,1706,2,4.76,independent
37,"操作台前围板",south,914.04,1706,91.04,4.76,independent
37,"操作台前围板",west,801,1706,2,4.76,independent
37,"操作台前围板",up,809,1698,91.04,2,independent
37,"操作台前围板",down,809,1716.76,91.04,2,independent
38,"前沿小倒角",north,808,1781,90.96,2,independent
38,"前沿小倒角",east,904.96,1781,2,2,independent
38,"前沿小倒角",south,912.96,1781,90.96,2,independent
38,"前沿小倒角",west,800,1781,2,2,independent
38,"前沿小倒角",up,808,1773,90.96,2,independent
38,"前沿小倒角",down,808,1789,90.96,2,independent
39,"屏下斜裙板",north,587.8,1771.8,90.08,8.08,independent
39,"屏下斜裙板",east,683.88,1771.8,15.8,8.08,independent
39,"屏下斜裙板",south,705.68,1771.8,90.08,8.08,independent
39,"屏下斜裙板",west,566,1771.8,15.8,8.08,independent
39,"屏下斜裙板",up,587.8,1750,90.08,15.8,independent
39,"屏下斜裙板",down,587.8,1785.88,90.08,15.8,independent
57,"屏幕下部连续承托梁",north,637,1886,86.4,7.2,independent
57,"屏幕下部连续承托梁",east,729.4,1886,18,7.2,independent
57,"屏幕下部连续承托梁",south,753.4,1886,86.4,7.2,independent
57,"屏幕下部连续承托梁",west,613,1886,18,7.2,independent
57,"屏幕下部连续承托梁",up,637,1862,86.4,18,independent
57,"屏幕下部连续承托梁",down,637,1899.2,86.4,18,independent
58,"1P台沿/扬声器浅面框",north,1756,1871,8.32,3.8,independent
58,"1P台沿/扬声器浅面框",east,1770.32,1871,2,3.8,independent
58,"1P台沿/扬声器浅面框",south,1778.32,1871,8.32,3.8,independent
58,"1P台沿/扬声器浅面框",west,1748,1871,2,3.8,independent
58,"1P台沿/扬声器浅面框",up,1756,1863,8.32,2,independent
58,"1P台沿/扬声器浅面框",down,1756,1880.8,8.32,2,independent
59,"1P台沿/扬声器金属格栅",north,1826,1894,2,2.96,independent
59,"1P台沿/扬声器金属格栅",east,1834,1894,2,2.96,independent
59,"1P台沿/扬声器金属格栅",south,1842,1894,2,2.96,independent
59,"1P台沿/扬声器金属格栅",west,1818,1894,2,2.96,independent
59,"1P台沿/扬声器金属格栅",up,1826,1886,2,2,independent
59,"1P台沿/扬声器金属格栅",down,1826,1902.96,2,2,independent
60,"1P台沿/扬声器金属格栅",north,1837,1947,2,2.96,independent
60,"1P台沿/扬声器金属格栅",east,1845,1947,2,2.96,independent
60,"1P台沿/扬声器金属格栅",south,1853,1947,2,2.96,independent
60,"1P台沿/扬声器金属格栅",west,1829,1947,2,2.96,independent
60,"1P台沿/扬声器金属格栅",up,1837,1939,2,2,independent
60,"1P台沿/扬声器金属格栅",down,1837,1955.96,2,2,independent
61,"1P台沿/扬声器金属格栅",north,1845,1917,2,2.96,independent
61,"1P台沿/扬声器金属格栅",east,1853,1917,2,2.96,independent
61,"1P台沿/扬声器金属格栅",south,1861,1917,2,2.96,independent
61,"1P台沿/扬声器金属格栅",west,1837,1917,2,2.96,independent
61,"1P台沿/扬声器金属格栅",up,1845,1909,2,2,independent
61,"1P台沿/扬声器金属格栅",down,1845,1925.96,2,2,independent
62,"1P台沿/扬声器金属格栅",north,1837,1970,2,2.96,independent
62,"1P台沿/扬声器金属格栅",east,1845,1970,2,2.96,independent
62,"1P台沿/扬声器金属格栅",south,1853,1970,2,2.96,independent
62,"1P台沿/扬声器金属格栅",west,1829,1970,2,2.96,independent
62,"1P台沿/扬声器金属格栅",up,1837,1962,2,2,independent
62,"1P台沿/扬声器金属格栅",down,1837,1978.96,2,2,independent
63,"1P台沿/扬声器金属格栅",north,1838,1993,2,2.96,independent
63,"1P台沿/扬声器金属格栅",east,1846,1993,2,2.96,independent
63,"1P台沿/扬声器金属格栅",south,1854,1993,2,2.96,independent
63,"1P台沿/扬声器金属格栅",west,1830,1993,2,2.96,independent
63,"1P台沿/扬声器金属格栅",up,1838,1985,2,2,independent
63,"1P台沿/扬声器金属格栅",down,1838,2001.96,2,2,independent
64,"2P台沿/扬声器浅面框",north,1324,1911,8.32,3.8,independent
64,"2P台沿/扬声器浅面框",east,1338.32,1911,2,3.8,independent
64,"2P台沿/扬声器浅面框",south,1346.32,1911,8.32,3.8,independent
64,"2P台沿/扬声器浅面框",west,1316,1911,2,3.8,independent
64,"2P台沿/扬声器浅面框",up,1324,1903,8.32,2,independent
64,"2P台沿/扬声器浅面框",down,1324,1920.8,8.32,2,independent
65,"2P台沿/扬声器金属格栅",north,1867,1940,2,2.96,independent
65,"2P台沿/扬声器金属格栅",east,1875,1940,2,2.96,independent
65,"2P台沿/扬声器金属格栅",south,1883,1940,2,2.96,independent
65,"2P台沿/扬声器金属格栅",west,1859,1940,2,2.96,independent
65,"2P台沿/扬声器金属格栅",up,1867,1932,2,2,independent
65,"2P台沿/扬声器金属格栅",down,1867,1948.96,2,2,independent
66,"2P台沿/扬声器金属格栅",north,1867,1963,2,2.96,independent
66,"2P台沿/扬声器金属格栅",east,1875,1963,2,2.96,independent
66,"2P台沿/扬声器金属格栅",south,1883,1963,2,2.96,independent
66,"2P台沿/扬声器金属格栅",west,1859,1963,2,2.96,independent
66,"2P台沿/扬声器金属格栅",up,1867,1955,2,2,independent
66,"2P台沿/扬声器金属格栅",down,1867,1971.96,2,2,independent
67,"2P台沿/扬声器金属格栅",north,1868,1986,2,2.96,independent
67,"2P台沿/扬声器金属格栅",east,1876,1986,2,2.96,independent
67,"2P台沿/扬声器金属格栅",south,1884,1986,2,2.96,independent
67,"2P台沿/扬声器金属格栅",west,1860,1986,2,2.96,independent
67,"2P台沿/扬声器金属格栅",up,1868,1978,2,2,independent
67,"2P台沿/扬声器金属格栅",down,1868,1994.96,2,2,independent
68,"2P台沿/扬声器金属格栅",north,1868,2009,2,2.96,independent
68,"2P台沿/扬声器金属格栅",east,1876,2009,2,2.96,independent
68,"2P台沿/扬声器金属格栅",south,1884,2009,2,2.96,independent
68,"2P台沿/扬声器金属格栅",west,1860,2009,2,2.96,independent
68,"2P台沿/扬声器金属格栅",up,1868,2001,2,2,independent
68,"2P台沿/扬声器金属格栅",down,1868,2017.96,2,2,independent
69,"2P台沿/扬声器金属格栅",north,1818,1809,2,2.96,independent
69,"2P台沿/扬声器金属格栅",east,1826,1809,2,2.96,independent
69,"2P台沿/扬声器金属格栅",south,1834,1809,2,2.96,independent
69,"2P台沿/扬声器金属格栅",west,1810,1809,2,2.96,independent
69,"2P台沿/扬声器金属格栅",up,1818,1801,2,2,independent
69,"2P台沿/扬声器金属格栅",down,1818,1817.96,2,2,independent
70,"后部散热槽0",north,1065,1937,64.48,2,independent
70,"后部散热槽0",east,1135.48,1937,2,2,independent
70,"后部散热槽0",south,1143.48,1937,64.48,2,independent
70,"后部散热槽0",west,1057,1937,2,2,independent
70,"后部散热槽0",up,1065,1929,64.48,2,independent
70,"后部散热槽0",down,1065,1945,64.48,2,independent
71,"后部散热槽1",north,1065,1959,64.48,2,independent
71,"后部散热槽1",east,1135.48,1959,2,2,independent
71,"后部散热槽1",south,1143.48,1959,64.48,2,independent
71,"后部散热槽1",west,1057,1959,2,2,independent
71,"后部散热槽1",up,1065,1951,64.48,2,independent
71,"后部散热槽1",down,1065,1967,64.48,2,independent
72,"后部散热槽2",north,1065,1981,64.48,2,independent
72,"后部散热槽2",east,1135.48,1981,2,2,independent
72,"后部散热槽2",south,1143.48,1981,64.48,2,independent
72,"后部散热槽2",west,1057,1981,2,2,independent
72,"后部散热槽2",up,1065,1973,64.48,2,independent
72,"后部散热槽2",down,1065,1989,64.48,2,independent
73,"后部散热槽3",north,1065,2003,64.48,2,independent
73,"后部散热槽3",east,1135.48,2003,2,2,independent
73,"后部散热槽3",south,1143.48,2003,64.48,2,independent
73,"后部散热槽3",west,1057,2003,2,2,independent
73,"后部散热槽3",up,1065,1995,64.48,2,independent
73,"后部散热槽3",down,1065,2011,64.48,2,independent
74,"后部散热槽4",north,1220,1937,64.48,2,independent
74,"后部散热槽4",east,1290.48,1937,2,2,independent
74,"后部散热槽4",south,1298.48,1937,64.48,2,independent
74,"后部散热槽4",west,1212,1937,2,2,independent
74,"后部散热槽4",up,1220,1929,64.48,2,independent
74,"后部散热槽4",down,1220,1945,64.48,2,independent
75,"后检修盖",north,1065,1802,81.44,62.8,independent
75,"后检修盖",east,1152.44,1802,2,62.8,independent
75,"后检修盖",south,1160.44,1802,81.44,62.8,independent
75,"后检修盖",west,1057,1802,2,62.8,independent
75,"后检修盖",up,1065,1794,81.44,2,independent
75,"后检修盖",down,1065,1870.8,81.44,2,independent
76,"后盖螺钉",north,1856,1878,2,2,independent
76,"后盖螺钉",east,1864,1878,2,2,independent
76,"后盖螺钉",south,1872,1878,2,2,independent
76,"后盖螺钉",west,1848,1878,2,2,independent
76,"后盖螺钉",up,1856,1870,2,2,independent
76,"后盖螺钉",down,1856,1886,2,2,independent
77,"后盖螺钉",north,1875,1900,2,2,independent
77,"后盖螺钉",east,1883,1900,2,2,independent
77,"后盖螺钉",south,1891,1900,2,2,independent
77,"后盖螺钉",west,1867,1900,2,2,independent
77,"后盖螺钉",up,1875,1892,2,2,independent
77,"后盖螺钉",down,1875,1908,2,2,independent
78,"后盖螺钉",north,1846,1748,2,2,independent
78,"后盖螺钉",east,1854,1748,2,2,independent
78,"后盖螺钉",south,1862,1748,2,2,independent
78,"后盖螺钉",west,1838,1748,2,2,independent
78,"后盖螺钉",up,1846,1740,2,2,independent
78,"后盖螺钉",down,1846,1756,2,2,independent
79,"后盖螺钉",north,1846,1770,2,2,independent
79,"后盖螺钉",east,1854,1770,2,2,independent
79,"后盖螺钉",south,1862,1770,2,2,independent
79,"后盖螺钉",west,1838,1770,2,2,independent
79,"后盖螺钉",up,1846,1762,2,2,independent
79,"后盖螺钉",down,1846,1778,2,2,independent
80,"1P/摇杆胶套·横芯",north,47.444,1419.444,25.74,3.564,independent
80,"1P/摇杆胶套·横芯",east,79.184,1419.444,15.444,3.564,independent
80,"1P/摇杆胶套·横芯",south,100.628,1419.444,25.74,3.564,independent
80,"1P/摇杆胶套·横芯",west,26,1419.444,15.444,3.564,independent
80,"1P/摇杆胶套·横芯",up,47.444,1398,25.74,15.444,independent
80,"1P/摇杆胶套·横芯",down,47.444,1429.008,25.74,15.444,independent
81,"1P/摇杆胶套·竖芯",north,57.74,1357.74,15.444,3.55608,independent
81,"1P/摇杆胶套·竖芯",east,79.184,1357.74,25.74,3.55608,independent
81,"1P/摇杆胶套·竖芯",south,110.924,1357.74,15.444,3.55608,independent
81,"1P/摇杆胶套·竖芯",west,26,1357.74,25.74,3.55608,independent
81,"1P/摇杆胶套·竖芯",up,57.74,1326,15.444,25.74,independent
81,"1P/摇杆胶套·竖芯",down,57.74,1367.29608,15.444,25.74,independent
82,"1P/摇杆胶套·倒角",north,337.28046,1371.28046,7.28046,3.54816,independent
82,"1P/摇杆胶套·倒角",east,350.56092,1371.28046,7.28046,3.54816,independent
82,"1P/摇杆胶套·倒角",south,363.84138,1371.28046,7.28046,3.54816,independent
82,"1P/摇杆胶套·倒角",west,324,1371.28046,7.28046,3.54816,independent
82,"1P/摇杆胶套·倒角",up,337.28046,1358,7.28046,7.28046,independent
82,"1P/摇杆胶套·倒角",down,337.28046,1380.82862,7.28046,7.28046,independent
83,"1P/摇杆胶套·倒角",north,272.28046,1468.28046,7.28046,3.54816,independent
83,"1P/摇杆胶套·倒角",east,285.56092,1468.28046,7.28046,3.54816,independent
83,"1P/摇杆胶套·倒角",south,298.84138,1468.28046,7.28046,3.54816,independent
83,"1P/摇杆胶套·倒角",west,259,1468.28046,7.28046,3.54816,independent
83,"1P/摇杆胶套·倒角",up,272.28046,1455,7.28046,7.28046,independent
83,"1P/摇杆胶套·倒角",down,272.28046,1477.82862,7.28046,7.28046,independent
84,"1P/摇杆胶套·倒角",north,272.28046,1503.28046,7.28046,3.54816,independent
84,"1P/摇杆胶套·倒角",east,285.56092,1503.28046,7.28046,3.54816,independent
84,"1P/摇杆胶套·倒角",south,298.84138,1503.28046,7.28046,3.54816,independent
84,"1P/摇杆胶套·倒角",west,259,1503.28046,7.28046,3.54816,independent
84,"1P/摇杆胶套·倒角",up,272.28046,1490,7.28046,7.28046,independent
84,"1P/摇杆胶套·倒角",down,272.28046,1512.82862,7.28046,7.28046,independent
85,"1P/摇杆胶套·倒角",north,324.28046,1468.28046,7.28046,3.54816,independent
85,"1P/摇杆胶套·倒角",east,337.56092,1468.28046,7.28046,3.54816,independent
85,"1P/摇杆胶套·倒角",south,350.84138,1468.28046,7.28046,3.54816,independent
85,"1P/摇杆胶套·倒角",west,311,1468.28046,7.28046,3.54816,independent
85,"1P/摇杆胶套·倒角",up,324.28046,1455,7.28046,7.28046,independent
85,"1P/摇杆胶套·倒角",down,324.28046,1477.82862,7.28046,7.28046,independent
86,"1P/摇杆金属杆",north,322.346,1501.346,5.346,22.77,independent
86,"1P/摇杆金属杆",east,333.692,1501.346,5.346,22.77,independent
86,"1P/摇杆金属杆",south,345.038,1501.346,5.346,22.77,independent
86,"1P/摇杆金属杆",west,311,1501.346,5.346,22.77,independent
86,"1P/摇杆金属杆",up,322.346,1490,5.346,5.346,independent
86,"1P/摇杆金属杆",down,322.346,1530.116,5.346,5.346,independent
87,"1P/摇杆握球中段·横芯",north,43.88,1535.88,20.196,11.682,independent
87,"1P/摇杆握球中段·横芯",east,70.076,1535.88,11.88,11.682,independent
87,"1P/摇杆握球中段·横芯",south,87.956,1535.88,20.196,11.682,independent
87,"1P/摇杆握球中段·横芯",west,26,1535.88,11.88,11.682,independent
87,"1P/摇杆握球中段·横芯",up,43.88,1518,20.196,11.88,independent
87,"1P/摇杆握球中段·横芯",down,43.88,1553.562,20.196,11.88,independent
88,"1P/摇杆握球中段·竖芯",north,52.196,1475.196,11.88,11.67408,independent
88,"1P/摇杆握球中段·竖芯",east,70.076,1475.196,20.196,11.67408,independent
88,"1P/摇杆握球中段·竖芯",south,96.272,1475.196,11.88,11.67408,independent
88,"1P/摇杆握球中段·竖芯",west,26,1475.196,20.196,11.67408,independent
88,"1P/摇杆握球中段·竖芯",up,52.196,1449,11.88,20.196,independent
88,"1P/摇杆握球中段·竖芯",down,52.196,1492.87008,11.88,20.196,independent
89,"1P/摇杆握球中段·倒角",north,337.880204,1404.880204,5.880204,11.66616,independent
89,"1P/摇杆握球中段·倒角",east,349.760408,1404.880204,5.880204,11.66616,independent
89,"1P/摇杆握球中段·倒角",south,361.640612,1404.880204,5.880204,11.66616,independent
89,"1P/摇杆握球中段·倒角",west,326,1404.880204,5.880204,11.66616,independent
89,"1P/摇杆握球中段·倒角",up,337.880204,1393,5.880204,5.880204,independent
89,"1P/摇杆握球中段·倒角",down,337.880204,1422.546364,5.880204,5.880204,independent
90,"1P/摇杆握球中段·倒角",north,323.880204,1551.880204,5.880204,11.66616,independent
90,"1P/摇杆握球中段·倒角",east,335.760408,1551.880204,5.880204,11.66616,independent
90,"1P/摇杆握球中段·倒角",south,347.640612,1551.880204,5.880204,11.66616,independent
90,"1P/摇杆握球中段·倒角",west,312,1551.880204,5.880204,11.66616,independent
90,"1P/摇杆握球中段·倒角",up,323.880204,1540,5.880204,5.880204,independent
90,"1P/摇杆握球中段·倒角",down,323.880204,1569.546364,5.880204,5.880204,independent
91,"1P/摇杆握球中段·倒角",north,366.880204,1501.880204,5.880204,11.66616,independent
91,"1P/摇杆握球中段·倒角",east,378.760408,1501.880204,5.880204,11.66616,independent
91,"1P/摇杆握球中段·倒角",south,390.640612,1501.880204,5.880204,11.66616,independent
91,"1P/摇杆握球中段·倒角",west,355,1501.880204,5.880204,11.66616,independent
91,"1P/摇杆握球中段·倒角",up,366.880204,1490,5.880204,5.880204,independent
91,"1P/摇杆握球中段·倒角",down,366.880204,1519.546364,5.880204,5.880204,independent
92,"1P/摇杆握球中段·倒角",north,374.880204,1444.880204,5.880204,11.66616,independent
92,"1P/摇杆握球中段·倒角",east,386.760408,1444.880204,5.880204,11.66616,independent
92,"1P/摇杆握球中段·倒角",south,398.640612,1444.880204,5.880204,11.66616,independent
92,"1P/摇杆握球中段·倒角",west,363,1444.880204,5.880204,11.66616,independent
92,"1P/摇杆握球中段·倒角",up,374.880204,1433,5.880204,5.880204,independent
92,"1P/摇杆握球中段·倒角",down,374.880204,1462.546364,5.880204,5.880204,independent
93,"1P/摇杆握球顶面·横芯",north,259.316,1612.316,14.058,4.752,independent
93,"1P/摇杆握球顶面·横芯",east,279.374,1612.316,8.316,4.752,independent
93,"1P/摇杆握球顶面·横芯",south,293.69,1612.316,14.058,4.752,independent
93,"1P/摇杆握球顶面·横芯",west,245,1612.316,8.316,4.752,independent
93,"1P/摇杆握球顶面·横芯",up,259.316,1598,14.058,8.316,independent
93,"1P/摇杆握球顶面·横芯",down,259.316,1623.068,14.058,8.316,independent
94,"1P/摇杆握球顶面·竖芯",north,224.058,1388.058,8.316,4.74408,independent
94,"1P/摇杆握球顶面·竖芯",east,238.374,1388.058,14.058,4.74408,independent
94,"1P/摇杆握球顶面·竖芯",south,258.432,1388.058,8.316,4.74408,independent
94,"1P/摇杆握球顶面·竖芯",west,204,1388.058,14.058,4.74408,independent
94,"1P/摇杆握球顶面·竖芯",up,224.058,1368,8.316,14.058,independent
94,"1P/摇杆握球顶面·竖芯",down,224.058,1398.80208,8.316,14.058,independent
95,"1P/摇杆握球顶面·倒角",north,493.060188,1496.060188,4.060188,4.73616,independent
95,"1P/摇杆握球顶面·倒角",east,503.120376,1496.060188,4.060188,4.73616,independent
95,"1P/摇杆握球顶面·倒角",south,513.180564,1496.060188,4.060188,4.73616,independent
95,"1P/摇杆握球顶面·倒角",west,483,1496.060188,4.060188,4.73616,independent
95,"1P/摇杆握球顶面·倒角",up,493.060188,1486,4.060188,4.060188,independent
95,"1P/摇杆握球顶面·倒角",down,493.060188,1506.796348,4.060188,4.060188,independent
96,"1P/摇杆握球顶面·倒角",north,493.060188,1525.060188,4.060188,4.73616,independent
96,"1P/摇杆握球顶面·倒角",east,503.120376,1525.060188,4.060188,4.73616,independent
96,"1P/摇杆握球顶面·倒角",south,513.180564,1525.060188,4.060188,4.73616,independent
96,"1P/摇杆握球顶面·倒角",west,483,1525.060188,4.060188,4.73616,independent
96,"1P/摇杆握球顶面·倒角",up,493.060188,1515,4.060188,4.060188,independent
96,"1P/摇杆握球顶面·倒角",down,493.060188,1535.796348,4.060188,4.060188,independent
97,"1P/摇杆握球顶面·倒角",north,404.060188,1636.060188,4.060188,4.73616,independent
97,"1P/摇杆握球顶面·倒角",east,414.120376,1636.060188,4.060188,4.73616,independent
97,"1P/摇杆握球顶面·倒角",south,424.180564,1636.060188,4.060188,4.73616,independent
97,"1P/摇杆握球顶面·倒角",west,394,1636.060188,4.060188,4.73616,independent
97,"1P/摇杆握球顶面·倒角",up,404.060188,1626,4.060188,4.060188,independent
97,"1P/摇杆握球顶面·倒角",down,404.060188,1646.796348,4.060188,4.060188,independent
98,"1P/摇杆握球顶面·倒角",north,443.060188,1636.060188,4.060188,4.73616,independent
98,"1P/摇杆握球顶面·倒角",east,453.120376,1636.060188,4.060188,4.73616,independent
98,"1P/摇杆握球顶面·倒角",south,463.180564,1636.060188,4.060188,4.73616,independent
98,"1P/摇杆握球顶面·倒角",west,433,1636.060188,4.060188,4.73616,independent
98,"1P/摇杆握球顶面·倒角",up,443.060188,1626,4.060188,4.060188,independent
98,"1P/摇杆握球顶面·倒角",down,443.060188,1646.796348,4.060188,4.060188,independent
99,"1P/摇杆握球下端·横芯",north,273.316,1431.316,14.058,4.752,independent
99,"1P/摇杆握球下端·横芯",east,293.374,1431.316,8.316,4.752,independent
99,"1P/摇杆握球下端·横芯",south,307.69,1431.316,14.058,4.752,independent
99,"1P/摇杆握球下端·横芯",west,259,1431.316,8.316,4.752,independent
99,"1P/摇杆握球下端·横芯",up,273.316,1417,14.058,8.316,independent
99,"1P/摇杆握球下端·横芯",down,273.316,1442.068,14.058,8.316,independent
100,"1P/摇杆握球下端·竖芯",north,265.058,1569.058,8.316,4.74408,independent
100,"1P/摇杆握球下端·竖芯",east,279.374,1569.058,14.058,4.74408,independent
100,"1P/摇杆握球下端·竖芯",south,299.432,1569.058,8.316,4.74408,independent
100,"1P/摇杆握球下端·竖芯",west,245,1569.058,14.058,4.74408,independent
100,"1P/摇杆握球下端·竖芯",up,265.058,1549,8.316,14.058,independent
100,"1P/摇杆握球下端·竖芯",down,265.058,1579.80208,8.316,14.058,independent
101,"1P/摇杆握球下端·倒角",north,491.060188,1554.060188,4.060188,4.73616,independent
101,"1P/摇杆握球下端·倒角",east,501.120376,1554.060188,4.060188,4.73616,independent
101,"1P/摇杆握球下端·倒角",south,511.180564,1554.060188,4.060188,4.73616,independent
101,"1P/摇杆握球下端·倒角",west,481,1554.060188,4.060188,4.73616,independent
101,"1P/摇杆握球下端·倒角",up,491.060188,1544,4.060188,4.060188,independent
101,"1P/摇杆握球下端·倒角",down,491.060188,1564.796348,4.060188,4.060188,independent
102,"1P/摇杆握球下端·倒角",north,450.060188,1560.060188,4.060188,4.73616,independent
102,"1P/摇杆握球下端·倒角",east,460.120376,1560.060188,4.060188,4.73616,independent
102,"1P/摇杆握球下端·倒角",south,470.180564,1560.060188,4.060188,4.73616,independent
102,"1P/摇杆握球下端·倒角",west,440,1560.060188,4.060188,4.73616,independent
102,"1P/摇杆握球下端·倒角",up,450.060188,1550,4.060188,4.060188,independent
102,"1P/摇杆握球下端·倒角",down,450.060188,1570.796348,4.060188,4.060188,independent
103,"1P/摇杆握球下端·倒角",north,36.060188,1635.060188,4.060188,4.73616,independent
103,"1P/摇杆握球下端·倒角",east,46.120376,1635.060188,4.060188,4.73616,independent
103,"1P/摇杆握球下端·倒角",south,56.180564,1635.060188,4.060188,4.73616,independent
103,"1P/摇杆握球下端·倒角",west,26,1635.060188,4.060188,4.73616,independent
103,"1P/摇杆握球下端·倒角",up,36.060188,1625,4.060188,4.060188,independent
103,"1P/摇杆握球下端·倒角",down,36.060188,1645.796348,4.060188,4.060188,independent
104,"1P/摇杆握球下端·倒角",north,75.060188,1635.060188,4.060188,4.73616,independent
104,"1P/摇杆握球下端·倒角",east,85.120376,1635.060188,4.060188,4.73616,independent
104,"1P/摇杆握球下端·倒角",south,95.180564,1635.060188,4.060188,4.73616,independent
104,"1P/摇杆握球下端·倒角",west,65,1635.060188,4.060188,4.73616,independent
104,"1P/摇杆握球下端·倒角",up,75.060188,1625,4.060188,4.060188,independent
104,"1P/摇杆握球下端·倒角",down,75.060188,1645.796348,4.060188,4.060188,independent
105,"1P/操作按钮1·横芯",north,187.3852,1629.3852,16.038,6.336,independent
105,"1P/操作按钮1·横芯",east,209.4232,1629.3852,9.3852,6.336,independent
105,"1P/操作按钮1·横芯",south,224.8084,1629.3852,16.038,6.336,independent
105,"1P/操作按钮1·横芯",west,172,1629.3852,9.3852,6.336,independent
105,"1P/操作按钮1·横芯",up,187.3852,1614,16.038,9.3852,independent
105,"1P/操作按钮1·横芯",down,187.3852,1641.7212,16.038,9.3852,independent
106,"1P/操作按钮1·竖芯",north,48.038,1592.038,9.3852,6.32808,independent
106,"1P/操作按钮1·竖芯",east,63.4232,1592.038,16.038,6.32808,independent
106,"1P/操作按钮1·竖芯",south,85.4612,1592.038,9.3852,6.32808,independent
106,"1P/操作按钮1·竖芯",west,26,1592.038,16.038,6.32808,independent
106,"1P/操作按钮1·竖芯",up,48.038,1570,9.3852,16.038,independent
106,"1P/操作按钮1·竖芯",down,48.038,1604.36608,9.3852,16.038,independent
107,"1P/操作按钮1·倒角",north,340.704084,1336.704084,4.704084,6.32016,independent
107,"1P/操作按钮1·倒角",east,351.408168,1336.704084,4.704084,6.32016,independent
107,"1P/操作按钮1·倒角",south,362.112252,1336.704084,4.704084,6.32016,independent
107,"1P/操作按钮1·倒角",west,330,1336.704084,4.704084,6.32016,independent
107,"1P/操作按钮1·倒角",up,340.704084,1326,4.704084,4.704084,independent
107,"1P/操作按钮1·倒角",down,340.704084,1349.024244,4.704084,4.704084,independent
108,"1P/操作按钮1·倒角",north,381.704084,1336.704084,4.704084,6.32016,independent
108,"1P/操作按钮1·倒角",east,392.408168,1336.704084,4.704084,6.32016,independent
108,"1P/操作按钮1·倒角",south,403.112252,1336.704084,4.704084,6.32016,independent
108,"1P/操作按钮1·倒角",west,371,1336.704084,4.704084,6.32016,independent
108,"1P/操作按钮1·倒角",up,381.704084,1326,4.704084,4.704084,independent
108,"1P/操作按钮1·倒角",down,381.704084,1349.024244,4.704084,4.704084,independent
109,"1P/操作按钮1·倒角",north,382.704084,1403.704084,4.704084,6.32016,independent
109,"1P/操作按钮1·倒角",east,393.408168,1403.704084,4.704084,6.32016,independent
109,"1P/操作按钮1·倒角",south,404.112252,1403.704084,4.704084,6.32016,independent
109,"1P/操作按钮1·倒角",west,372,1403.704084,4.704084,6.32016,independent
109,"1P/操作按钮1·倒角",up,382.704084,1393,4.704084,4.704084,independent
109,"1P/操作按钮1·倒角",down,382.704084,1416.024244,4.704084,4.704084,independent
110,"1P/操作按钮1·倒角",north,386.704084,1368.704084,4.704084,6.32016,independent
110,"1P/操作按钮1·倒角",east,397.408168,1368.704084,4.704084,6.32016,independent
110,"1P/操作按钮1·倒角",south,408.112252,1368.704084,4.704084,6.32016,independent
110,"1P/操作按钮1·倒角",west,376,1368.704084,4.704084,6.32016,independent
110,"1P/操作按钮1·倒角",up,386.704084,1358,4.704084,4.704084,independent
110,"1P/操作按钮1·倒角",down,386.704084,1381.024244,4.704084,4.704084,independent
111,"1P/操作按钮2·横芯",north,146.3852,1396.3852,16.038,6.336,independent
111,"1P/操作按钮2·横芯",east,168.4232,1396.3852,9.3852,6.336,independent
111,"1P/操作按钮2·横芯",south,183.8084,1396.3852,16.038,6.336,independent
111,"1P/操作按钮2·横芯",west,131,1396.3852,9.3852,6.336,independent
111,"1P/操作按钮2·横芯",up,146.3852,1381,16.038,9.3852,independent
111,"1P/操作按钮2·横芯",down,146.3852,1408.7212,16.038,9.3852,independent
112,"1P/操作按钮2·竖芯",north,121.038,1592.038,9.3852,6.32808,independent
112,"1P/操作按钮2·竖芯",east,136.4232,1592.038,16.038,6.32808,independent
112,"1P/操作按钮2·竖芯",south,158.4612,1592.038,9.3852,6.32808,independent
112,"1P/操作按钮2·竖芯",west,99,1592.038,16.038,6.32808,independent
112,"1P/操作按钮2·竖芯",up,121.038,1570,9.3852,16.038,independent
112,"1P/操作按钮2·竖芯",down,121.038,1604.36608,9.3852,16.038,independent
113,"1P/操作按钮2·倒角",north,422.704084,1336.704084,4.704084,6.32016,independent
113,"1P/操作按钮2·倒角",east,433.408168,1336.704084,4.704084,6.32016,independent
113,"1P/操作按钮2·倒角",south,444.112252,1336.704084,4.704084,6.32016,independent
113,"1P/操作按钮2·倒角",west,412,1336.704084,4.704084,6.32016,independent
113,"1P/操作按钮2·倒角",up,422.704084,1326,4.704084,4.704084,independent
113,"1P/操作按钮2·倒角",down,422.704084,1349.024244,4.704084,4.704084,independent
114,"1P/操作按钮2·倒角",north,463.704084,1336.704084,4.704084,6.32016,independent
114,"1P/操作按钮2·倒角",east,474.408168,1336.704084,4.704084,6.32016,independent
114,"1P/操作按钮2·倒角",south,485.112252,1336.704084,4.704084,6.32016,independent
114,"1P/操作按钮2·倒角",west,453,1336.704084,4.704084,6.32016,independent
114,"1P/操作按钮2·倒角",up,463.704084,1326,4.704084,4.704084,independent
114,"1P/操作按钮2·倒角",down,463.704084,1349.024244,4.704084,4.704084,independent
115,"1P/操作按钮2·倒角",north,322.704084,1590.704084,4.704084,6.32016,independent
115,"1P/操作按钮2·倒角",east,333.408168,1590.704084,4.704084,6.32016,independent
115,"1P/操作按钮2·倒角",south,344.112252,1590.704084,4.704084,6.32016,independent
115,"1P/操作按钮2·倒角",west,312,1590.704084,4.704084,6.32016,independent
115,"1P/操作按钮2·倒角",up,322.704084,1580,4.704084,4.704084,independent
115,"1P/操作按钮2·倒角",down,322.704084,1603.024244,4.704084,4.704084,independent
116,"1P/操作按钮2·倒角",north,322.704084,1622.704084,4.704084,6.32016,independent
116,"1P/操作按钮2·倒角",east,333.408168,1622.704084,4.704084,6.32016,independent
116,"1P/操作按钮2·倒角",south,344.112252,1622.704084,4.704084,6.32016,independent
116,"1P/操作按钮2·倒角",west,312,1622.704084,4.704084,6.32016,independent
116,"1P/操作按钮2·倒角",up,322.704084,1612,4.704084,4.704084,independent
116,"1P/操作按钮2·倒角",down,322.704084,1635.024244,4.704084,4.704084,independent
117,"1P/操作按钮3·横芯",north,201.3852,1438.3852,16.038,6.336,independent
117,"1P/操作按钮3·横芯",east,223.4232,1438.3852,9.3852,6.336,independent
117,"1P/操作按钮3·横芯",south,238.8084,1438.3852,16.038,6.336,independent
117,"1P/操作按钮3·横芯",west,186,1438.3852,9.3852,6.336,independent
117,"1P/操作按钮3·横芯",up,201.3852,1423,16.038,9.3852,independent
117,"1P/操作按钮3·横芯",down,201.3852,1450.7212,16.038,9.3852,independent
118,"1P/操作按钮3·竖芯",north,135.038,1471.038,9.3852,6.32808,independent
118,"1P/操作按钮3·竖芯",east,150.4232,1471.038,16.038,6.32808,independent
118,"1P/操作按钮3·竖芯",south,172.4612,1471.038,9.3852,6.32808,independent
118,"1P/操作按钮3·竖芯",west,113,1471.038,16.038,6.32808,independent
118,"1P/操作按钮3·竖芯",up,135.038,1449,9.3852,16.038,independent
118,"1P/操作按钮3·竖芯",down,135.038,1483.36608,9.3852,16.038,independent
119,"1P/操作按钮3·倒角",north,363.704084,1590.704084,4.704084,6.32016,independent
119,"1P/操作按钮3·倒角",east,374.408168,1590.704084,4.704084,6.32016,independent
119,"1P/操作按钮3·倒角",south,385.112252,1590.704084,4.704084,6.32016,independent
119,"1P/操作按钮3·倒角",west,353,1590.704084,4.704084,6.32016,independent
119,"1P/操作按钮3·倒角",up,363.704084,1580,4.704084,4.704084,independent
119,"1P/操作按钮3·倒角",down,363.704084,1603.024244,4.704084,4.704084,independent
120,"1P/操作按钮3·倒角",north,363.704084,1622.704084,4.704084,6.32016,independent
120,"1P/操作按钮3·倒角",east,374.408168,1622.704084,4.704084,6.32016,independent
120,"1P/操作按钮3·倒角",south,385.112252,1622.704084,4.704084,6.32016,independent
120,"1P/操作按钮3·倒角",west,353,1622.704084,4.704084,6.32016,independent
120,"1P/操作按钮3·倒角",up,363.704084,1612,4.704084,4.704084,independent
120,"1P/操作按钮3·倒角",down,363.704084,1635.024244,4.704084,4.704084,independent
121,"1P/操作按钮3·倒角",north,368.704084,1540.704084,4.704084,6.32016,independent
121,"1P/操作按钮3·倒角",east,379.408168,1540.704084,4.704084,6.32016,independent
121,"1P/操作按钮3·倒角",south,390.112252,1540.704084,4.704084,6.32016,independent
121,"1P/操作按钮3·倒角",west,358,1540.704084,4.704084,6.32016,independent
121,"1P/操作按钮3·倒角",up,368.704084,1530,4.704084,4.704084,independent
121,"1P/操作按钮3·倒角",down,368.704084,1553.024244,4.704084,4.704084,independent
122,"1P/操作按钮3·倒角",north,404.704084,1572.704084,4.704084,6.32016,independent
122,"1P/操作按钮3·倒角",east,415.408168,1572.704084,4.704084,6.32016,independent
122,"1P/操作按钮3·倒角",south,426.112252,1572.704084,4.704084,6.32016,independent
122,"1P/操作按钮3·倒角",west,394,1572.704084,4.704084,6.32016,independent
122,"1P/操作按钮3·倒角",up,404.704084,1562,4.704084,4.704084,independent
122,"1P/操作按钮3·倒角",down,404.704084,1585.024244,4.704084,4.704084,independent
123,"1P/操作按钮4·横芯",north,201.3852,1480.3852,16.038,6.336,independent
123,"1P/操作按钮4·横芯",east,223.4232,1480.3852,9.3852,6.336,independent
123,"1P/操作按钮4·横芯",south,238.8084,1480.3852,16.038,6.336,independent
123,"1P/操作按钮4·横芯",west,186,1480.3852,9.3852,6.336,independent
123,"1P/操作按钮4·横芯",up,201.3852,1465,16.038,9.3852,independent
123,"1P/操作按钮4·横芯",down,201.3852,1492.7212,16.038,9.3852,independent
124,"1P/操作按钮4·竖芯",north,135.038,1526.038,9.3852,6.32808,independent
124,"1P/操作按钮4·竖芯",east,150.4232,1526.038,16.038,6.32808,independent
124,"1P/操作按钮4·竖芯",south,172.4612,1526.038,9.3852,6.32808,independent
124,"1P/操作按钮4·竖芯",west,113,1526.038,16.038,6.32808,independent
124,"1P/操作按钮4·竖芯",up,135.038,1504,9.3852,16.038,independent
124,"1P/操作按钮4·竖芯",down,135.038,1538.36608,9.3852,16.038,independent
125,"1P/操作按钮4·倒角",north,409.704084,1540.704084,4.704084,6.32016,independent
125,"1P/操作按钮4·倒角",east,420.408168,1540.704084,4.704084,6.32016,independent
125,"1P/操作按钮4·倒角",south,431.112252,1540.704084,4.704084,6.32016,independent
125,"1P/操作按钮4·倒角",west,399,1540.704084,4.704084,6.32016,independent
125,"1P/操作按钮4·倒角",up,409.704084,1530,4.704084,4.704084,independent
125,"1P/操作按钮4·倒角",down,409.704084,1553.024244,4.704084,4.704084,independent
126,"1P/操作按钮4·倒角",north,411.704084,1483.704084,4.704084,6.32016,independent
126,"1P/操作按钮4·倒角",east,422.408168,1483.704084,4.704084,6.32016,independent
126,"1P/操作按钮4·倒角",south,433.112252,1483.704084,4.704084,6.32016,independent
126,"1P/操作按钮4·倒角",west,401,1483.704084,4.704084,6.32016,independent
126,"1P/操作按钮4·倒角",up,411.704084,1473,4.704084,4.704084,independent
126,"1P/操作按钮4·倒角",down,411.704084,1496.024244,4.704084,4.704084,independent
127,"1P/操作按钮4·倒角",north,419.704084,1435.704084,4.704084,6.32016,independent
127,"1P/操作按钮4·倒角",east,430.408168,1435.704084,4.704084,6.32016,independent
127,"1P/操作按钮4·倒角",south,441.112252,1435.704084,4.704084,6.32016,independent
127,"1P/操作按钮4·倒角",west,409,1435.704084,4.704084,6.32016,independent
127,"1P/操作按钮4·倒角",up,419.704084,1425,4.704084,4.704084,independent
127,"1P/操作按钮4·倒角",down,419.704084,1448.024244,4.704084,4.704084,independent
128,"1P/操作按钮4·倒角",north,423.704084,1400.704084,4.704084,6.32016,independent
128,"1P/操作按钮4·倒角",east,434.408168,1400.704084,4.704084,6.32016,independent
128,"1P/操作按钮4·倒角",south,445.112252,1400.704084,4.704084,6.32016,independent
128,"1P/操作按钮4·倒角",west,413,1400.704084,4.704084,6.32016,independent
128,"1P/操作按钮4·倒角",up,423.704084,1390,4.704084,4.704084,independent
128,"1P/操作按钮4·倒角",down,423.704084,1413.024244,4.704084,4.704084,independent
129,"1P/操作按钮5·横芯",north,201.3852,1522.3852,16.038,6.336,independent
129,"1P/操作按钮5·横芯",east,223.4232,1522.3852,9.3852,6.336,independent
129,"1P/操作按钮5·横芯",south,238.8084,1522.3852,16.038,6.336,independent
129,"1P/操作按钮5·横芯",west,186,1522.3852,9.3852,6.336,independent
129,"1P/操作按钮5·横芯",up,201.3852,1507,16.038,9.3852,independent
129,"1P/操作按钮5·横芯",down,201.3852,1534.7212,16.038,9.3852,independent
130,"1P/操作按钮5·竖芯",north,194.038,1581.038,9.3852,6.32808,independent
130,"1P/操作按钮5·竖芯",east,209.4232,1581.038,16.038,6.32808,independent
130,"1P/操作按钮5·竖芯",south,231.4612,1581.038,9.3852,6.32808,independent
130,"1P/操作按钮5·竖芯",west,172,1581.038,16.038,6.32808,independent
130,"1P/操作按钮5·竖芯",up,194.038,1559,9.3852,16.038,independent
130,"1P/操作按钮5·竖芯",down,194.038,1593.36608,9.3852,16.038,independent
131,"1P/操作按钮5·倒角",north,427.704084,1368.704084,4.704084,6.32016,independent
131,"1P/操作按钮5·倒角",east,438.408168,1368.704084,4.704084,6.32016,independent
131,"1P/操作按钮5·倒角",south,449.112252,1368.704084,4.704084,6.32016,independent
131,"1P/操作按钮5·倒角",west,417,1368.704084,4.704084,6.32016,independent
131,"1P/操作按钮5·倒角",up,427.704084,1358,4.704084,4.704084,independent
131,"1P/操作按钮5·倒角",down,427.704084,1381.024244,4.704084,4.704084,independent
132,"1P/操作按钮5·倒角",north,468.704084,1368.704084,4.704084,6.32016,independent
132,"1P/操作按钮5·倒角",east,479.408168,1368.704084,4.704084,6.32016,independent
132,"1P/操作按钮5·倒角",south,490.112252,1368.704084,4.704084,6.32016,independent
132,"1P/操作按钮5·倒角",west,458,1368.704084,4.704084,6.32016,independent
132,"1P/操作按钮5·倒角",up,468.704084,1358,4.704084,4.704084,independent
132,"1P/操作按钮5·倒角",down,468.704084,1381.024244,4.704084,4.704084,independent
133,"1P/操作按钮5·倒角",north,464.704084,1400.704084,4.704084,6.32016,independent
133,"1P/操作按钮5·倒角",east,475.408168,1400.704084,4.704084,6.32016,independent
133,"1P/操作按钮5·倒角",south,486.112252,1400.704084,4.704084,6.32016,independent
133,"1P/操作按钮5·倒角",west,454,1400.704084,4.704084,6.32016,independent
133,"1P/操作按钮5·倒角",up,464.704084,1390,4.704084,4.704084,independent
133,"1P/操作按钮5·倒角",down,464.704084,1413.024244,4.704084,4.704084,independent
134,"1P/操作按钮5·倒角",north,404.704084,1604.704084,4.704084,6.32016,independent
134,"1P/操作按钮5·倒角",east,415.408168,1604.704084,4.704084,6.32016,independent
134,"1P/操作按钮5·倒角",south,426.112252,1604.704084,4.704084,6.32016,independent
134,"1P/操作按钮5·倒角",west,394,1604.704084,4.704084,6.32016,independent
134,"1P/操作按钮5·倒角",up,404.704084,1594,4.704084,4.704084,independent
134,"1P/操作按钮5·倒角",down,404.704084,1617.024244,4.704084,4.704084,independent
135,"1P/操作按钮6·横芯",north,219.3852,1341.3852,16.038,6.336,independent
135,"1P/操作按钮6·横芯",east,241.4232,1341.3852,9.3852,6.336,independent
135,"1P/操作按钮6·横芯",south,256.8084,1341.3852,16.038,6.336,independent
135,"1P/操作按钮6·横芯",west,204,1341.3852,9.3852,6.336,independent
135,"1P/操作按钮6·横芯",up,219.3852,1326,16.038,9.3852,independent
135,"1P/操作按钮6·横芯",down,219.3852,1353.7212,16.038,9.3852,independent
136,"1P/操作按钮6·竖芯",north,153.038,1348.038,9.3852,6.32808,independent
136,"1P/操作按钮6·竖芯",east,168.4232,1348.038,16.038,6.32808,independent
136,"1P/操作按钮6·竖芯",south,190.4612,1348.038,9.3852,6.32808,independent
136,"1P/操作按钮6·竖芯",west,131,1348.038,16.038,6.32808,independent
136,"1P/操作按钮6·竖芯",up,153.038,1326,9.3852,16.038,independent
136,"1P/操作按钮6·竖芯",down,153.038,1360.36608,9.3852,16.038,independent
137,"1P/操作按钮6·倒角",north,460.704084,1432.704084,4.704084,6.32016,independent
137,"1P/操作按钮6·倒角",east,471.408168,1432.704084,4.704084,6.32016,independent
137,"1P/操作按钮6·倒角",south,482.112252,1432.704084,4.704084,6.32016,independent
137,"1P/操作按钮6·倒角",west,450,1432.704084,4.704084,6.32016,independent
137,"1P/操作按钮6·倒角",up,460.704084,1422,4.704084,4.704084,independent
137,"1P/操作按钮6·倒角",down,460.704084,1445.024244,4.704084,4.704084,independent
138,"1P/操作按钮6·倒角",north,460.704084,1464.704084,4.704084,6.32016,independent
138,"1P/操作按钮6·倒角",east,471.408168,1464.704084,4.704084,6.32016,independent
138,"1P/操作按钮6·倒角",south,482.112252,1464.704084,4.704084,6.32016,independent
138,"1P/操作按钮6·倒角",west,450,1464.704084,4.704084,6.32016,independent
138,"1P/操作按钮6·倒角",up,460.704084,1454,4.704084,4.704084,independent
138,"1P/操作按钮6·倒角",down,460.704084,1477.024244,4.704084,4.704084,independent
139,"1P/操作按钮6·倒角",north,452.704084,1496.704084,4.704084,6.32016,independent
139,"1P/操作按钮6·倒角",east,463.408168,1496.704084,4.704084,6.32016,independent
139,"1P/操作按钮6·倒角",south,474.112252,1496.704084,4.704084,6.32016,independent
139,"1P/操作按钮6·倒角",west,442,1496.704084,4.704084,6.32016,independent
139,"1P/操作按钮6·倒角",up,452.704084,1486,4.704084,4.704084,independent
139,"1P/操作按钮6·倒角",down,452.704084,1509.024244,4.704084,4.704084,independent
140,"1P/操作按钮6·倒角",north,450.704084,1528.704084,4.704084,6.32016,independent
140,"1P/操作按钮6·倒角",east,461.408168,1528.704084,4.704084,6.32016,independent
140,"1P/操作按钮6·倒角",south,472.112252,1528.704084,4.704084,6.32016,independent
140,"1P/操作按钮6·倒角",west,440,1528.704084,4.704084,6.32016,independent
140,"1P/操作按钮6·倒角",up,450.704084,1518,4.704084,4.704084,independent
140,"1P/操作按钮6·倒角",down,450.704084,1541.024244,4.704084,4.704084,independent
141,"1P/开始键·横芯",north,288.7024,1337.7024,9.702,4.158,independent
141,"1P/开始键·横芯",east,304.4044,1337.7024,5.7024,4.158,independent
141,"1P/开始键·横芯",south,316.1068,1337.7024,9.702,4.158,independent
141,"1P/开始键·横芯",west,277,1337.7024,5.7024,4.158,independent
141,"1P/开始键·横芯",up,288.7024,1326,9.702,5.7024,independent
141,"1P/开始键·横芯",down,288.7024,1347.8604,9.702,5.7024,independent
142,"1P/开始键·竖芯",north,286.702,1383.702,5.7024,4.15008,independent
142,"1P/开始键·竖芯",east,298.4044,1383.702,9.702,4.15008,independent
142,"1P/开始键·竖芯",south,314.1064,1383.702,5.7024,4.15008,independent
142,"1P/开始键·竖芯",west,271,1383.702,9.702,4.15008,independent
142,"1P/开始键·竖芯",up,286.702,1368,5.7024,9.702,independent
142,"1P/开始键·竖芯",down,286.702,1393.85208,5.7024,9.702,independent
143,"1P/开始键·倒角",north,139.828232,1431.828232,2.828232,4.14216,independent
143,"1P/开始键·倒角",east,148.656464,1431.828232,2.828232,4.14216,independent
143,"1P/开始键·倒角",south,157.484696,1431.828232,2.828232,4.14216,independent
143,"1P/开始键·倒角",west,131,1431.828232,2.828232,4.14216,independent
143,"1P/开始键·倒角",up,139.828232,1423,2.828232,2.828232,independent
143,"1P/开始键·倒角",down,139.828232,1441.970392,2.828232,2.828232,independent
144,"1P/开始键·倒角",north,112.828232,1633.828232,2.828232,4.14216,independent
144,"1P/开始键·倒角",east,121.656464,1633.828232,2.828232,4.14216,independent
144,"1P/开始键·倒角",south,130.484696,1633.828232,2.828232,4.14216,independent
144,"1P/开始键·倒角",west,104,1633.828232,2.828232,4.14216,independent
144,"1P/开始键·倒角",up,112.828232,1625,2.828232,2.828232,independent
144,"1P/开始键·倒角",down,112.828232,1643.970392,2.828232,2.828232,independent
145,"1P/开始键·倒角",north,146.828232,1633.828232,2.828232,4.14216,independent
145,"1P/开始键·倒角",east,155.656464,1633.828232,2.828232,4.14216,independent
145,"1P/开始键·倒角",south,164.484696,1633.828232,2.828232,4.14216,independent
145,"1P/开始键·倒角",west,138,1633.828232,2.828232,4.14216,independent
145,"1P/开始键·倒角",up,146.828232,1625,2.828232,2.828232,independent
145,"1P/开始键·倒角",down,146.828232,1643.970392,2.828232,2.828232,independent
146,"1P/开始键·倒角",north,487.828232,1581.828232,2.828232,4.14216,independent
146,"1P/开始键·倒角",east,496.656464,1581.828232,2.828232,4.14216,independent
146,"1P/开始键·倒角",south,505.484696,1581.828232,2.828232,4.14216,independent
146,"1P/开始键·倒角",west,479,1581.828232,2.828232,4.14216,independent
146,"1P/开始键·倒角",up,487.828232,1573,2.828232,2.828232,independent
146,"1P/开始键·倒角",down,487.828232,1591.970392,2.828232,2.828232,independent
147,"2P/摇杆胶套·横芯",north,567.444,1419.444,25.74,3.564,independent
147,"2P/摇杆胶套·横芯",east,599.184,1419.444,15.444,3.564,independent
147,"2P/摇杆胶套·横芯",south,620.628,1419.444,25.74,3.564,independent
147,"2P/摇杆胶套·横芯",west,546,1419.444,15.444,3.564,independent
147,"2P/摇杆胶套·横芯",up,567.444,1398,25.74,15.444,independent
147,"2P/摇杆胶套·横芯",down,567.444,1429.008,25.74,15.444,independent
148,"2P/摇杆胶套·竖芯",north,577.74,1357.74,15.444,3.55608,independent
148,"2P/摇杆胶套·竖芯",east,599.184,1357.74,25.74,3.55608,independent
148,"2P/摇杆胶套·竖芯",south,630.924,1357.74,15.444,3.55608,independent
148,"2P/摇杆胶套·竖芯",west,546,1357.74,25.74,3.55608,independent
148,"2P/摇杆胶套·竖芯",up,577.74,1326,15.444,25.74,independent
148,"2P/摇杆胶套·竖芯",down,577.74,1367.29608,15.444,25.74,independent
149,"2P/摇杆胶套·倒角",north,857.28046,1371.28046,7.28046,3.54816,independent
149,"2P/摇杆胶套·倒角",east,870.56092,1371.28046,7.28046,3.54816,independent
149,"2P/摇杆胶套·倒角",south,883.84138,1371.28046,7.28046,3.54816,independent
149,"2P/摇杆胶套·倒角",west,844,1371.28046,7.28046,3.54816,independent
149,"2P/摇杆胶套·倒角",up,857.28046,1358,7.28046,7.28046,independent
149,"2P/摇杆胶套·倒角",down,857.28046,1380.82862,7.28046,7.28046,independent
150,"2P/摇杆胶套·倒角",north,792.28046,1468.28046,7.28046,3.54816,independent
150,"2P/摇杆胶套·倒角",east,805.56092,1468.28046,7.28046,3.54816,independent
150,"2P/摇杆胶套·倒角",south,818.84138,1468.28046,7.28046,3.54816,independent
150,"2P/摇杆胶套·倒角",west,779,1468.28046,7.28046,3.54816,independent
150,"2P/摇杆胶套·倒角",up,792.28046,1455,7.28046,7.28046,independent
150,"2P/摇杆胶套·倒角",down,792.28046,1477.82862,7.28046,7.28046,independent
151,"2P/摇杆胶套·倒角",north,792.28046,1503.28046,7.28046,3.54816,independent
151,"2P/摇杆胶套·倒角",east,805.56092,1503.28046,7.28046,3.54816,independent
151,"2P/摇杆胶套·倒角",south,818.84138,1503.28046,7.28046,3.54816,independent
151,"2P/摇杆胶套·倒角",west,779,1503.28046,7.28046,3.54816,independent
151,"2P/摇杆胶套·倒角",up,792.28046,1490,7.28046,7.28046,independent
151,"2P/摇杆胶套·倒角",down,792.28046,1512.82862,7.28046,7.28046,independent
152,"2P/摇杆胶套·倒角",north,844.28046,1468.28046,7.28046,3.54816,independent
152,"2P/摇杆胶套·倒角",east,857.56092,1468.28046,7.28046,3.54816,independent
152,"2P/摇杆胶套·倒角",south,870.84138,1468.28046,7.28046,3.54816,independent
152,"2P/摇杆胶套·倒角",west,831,1468.28046,7.28046,3.54816,independent
152,"2P/摇杆胶套·倒角",up,844.28046,1455,7.28046,7.28046,independent
152,"2P/摇杆胶套·倒角",down,844.28046,1477.82862,7.28046,7.28046,independent
153,"2P/摇杆金属杆",north,842.346,1501.346,5.346,22.77,independent
153,"2P/摇杆金属杆",east,853.692,1501.346,5.346,22.77,independent
153,"2P/摇杆金属杆",south,865.038,1501.346,5.346,22.77,independent
153,"2P/摇杆金属杆",west,831,1501.346,5.346,22.77,independent
153,"2P/摇杆金属杆",up,842.346,1490,5.346,5.346,independent
153,"2P/摇杆金属杆",down,842.346,1530.116,5.346,5.346,independent
154,"2P/摇杆握球中段·横芯",north,563.88,1535.88,20.196,11.682,independent
154,"2P/摇杆握球中段·横芯",east,590.076,1535.88,11.88,11.682,independent
154,"2P/摇杆握球中段·横芯",south,607.956,1535.88,20.196,11.682,independent
154,"2P/摇杆握球中段·横芯",west,546,1535.88,11.88,11.682,independent
154,"2P/摇杆握球中段·横芯",up,563.88,1518,20.196,11.88,independent
154,"2P/摇杆握球中段·横芯",down,563.88,1553.562,20.196,11.88,independent
155,"2P/摇杆握球中段·竖芯",north,572.196,1475.196,11.88,11.67408,independent
155,"2P/摇杆握球中段·竖芯",east,590.076,1475.196,20.196,11.67408,independent
155,"2P/摇杆握球中段·竖芯",south,616.272,1475.196,11.88,11.67408,independent
155,"2P/摇杆握球中段·竖芯",west,546,1475.196,20.196,11.67408,independent
155,"2P/摇杆握球中段·竖芯",up,572.196,1449,11.88,20.196,independent
155,"2P/摇杆握球中段·竖芯",down,572.196,1492.87008,11.88,20.196,independent
156,"2P/摇杆握球中段·倒角",north,857.880204,1404.880204,5.880204,11.66616,independent
156,"2P/摇杆握球中段·倒角",east,869.760408,1404.880204,5.880204,11.66616,independent
156,"2P/摇杆握球中段·倒角",south,881.640612,1404.880204,5.880204,11.66616,independent
156,"2P/摇杆握球中段·倒角",west,846,1404.880204,5.880204,11.66616,independent
156,"2P/摇杆握球中段·倒角",up,857.880204,1393,5.880204,5.880204,independent
156,"2P/摇杆握球中段·倒角",down,857.880204,1422.546364,5.880204,5.880204,independent
157,"2P/摇杆握球中段·倒角",north,843.880204,1551.880204,5.880204,11.66616,independent
157,"2P/摇杆握球中段·倒角",east,855.760408,1551.880204,5.880204,11.66616,independent
157,"2P/摇杆握球中段·倒角",south,867.640612,1551.880204,5.880204,11.66616,independent
157,"2P/摇杆握球中段·倒角",west,832,1551.880204,5.880204,11.66616,independent
157,"2P/摇杆握球中段·倒角",up,843.880204,1540,5.880204,5.880204,independent
157,"2P/摇杆握球中段·倒角",down,843.880204,1569.546364,5.880204,5.880204,independent
158,"2P/摇杆握球中段·倒角",north,886.880204,1501.880204,5.880204,11.66616,independent
158,"2P/摇杆握球中段·倒角",east,898.760408,1501.880204,5.880204,11.66616,independent
158,"2P/摇杆握球中段·倒角",south,910.640612,1501.880204,5.880204,11.66616,independent
158,"2P/摇杆握球中段·倒角",west,875,1501.880204,5.880204,11.66616,independent
158,"2P/摇杆握球中段·倒角",up,886.880204,1490,5.880204,5.880204,independent
158,"2P/摇杆握球中段·倒角",down,886.880204,1519.546364,5.880204,5.880204,independent
159,"2P/摇杆握球中段·倒角",north,894.880204,1444.880204,5.880204,11.66616,independent
159,"2P/摇杆握球中段·倒角",east,906.760408,1444.880204,5.880204,11.66616,independent
159,"2P/摇杆握球中段·倒角",south,918.640612,1444.880204,5.880204,11.66616,independent
159,"2P/摇杆握球中段·倒角",west,883,1444.880204,5.880204,11.66616,independent
159,"2P/摇杆握球中段·倒角",up,894.880204,1433,5.880204,5.880204,independent
159,"2P/摇杆握球中段·倒角",down,894.880204,1462.546364,5.880204,5.880204,independent
160,"2P/摇杆握球顶面·横芯",north,779.316,1612.316,14.058,4.752,independent
160,"2P/摇杆握球顶面·横芯",east,799.374,1612.316,8.316,4.752,independent
160,"2P/摇杆握球顶面·横芯",south,813.69,1612.316,14.058,4.752,independent
160,"2P/摇杆握球顶面·横芯",west,765,1612.316,8.316,4.752,independent
160,"2P/摇杆握球顶面·横芯",up,779.316,1598,14.058,8.316,independent
160,"2P/摇杆握球顶面·横芯",down,779.316,1623.068,14.058,8.316,independent
161,"2P/摇杆握球顶面·竖芯",north,744.058,1388.058,8.316,4.74408,independent
161,"2P/摇杆握球顶面·竖芯",east,758.374,1388.058,14.058,4.74408,independent
161,"2P/摇杆握球顶面·竖芯",south,778.432,1388.058,8.316,4.74408,independent
161,"2P/摇杆握球顶面·竖芯",west,724,1388.058,14.058,4.74408,independent
161,"2P/摇杆握球顶面·竖芯",up,744.058,1368,8.316,14.058,independent
161,"2P/摇杆握球顶面·竖芯",down,744.058,1398.80208,8.316,14.058,independent
162,"2P/摇杆握球顶面·倒角",north,1013.060188,1496.060188,4.060188,4.73616,independent
162,"2P/摇杆握球顶面·倒角",east,1023.120376,1496.060188,4.060188,4.73616,independent
162,"2P/摇杆握球顶面·倒角",south,1033.180564,1496.060188,4.060188,4.73616,independent
162,"2P/摇杆握球顶面·倒角",west,1003,1496.060188,4.060188,4.73616,independent
162,"2P/摇杆握球顶面·倒角",up,1013.060188,1486,4.060188,4.060188,independent
162,"2P/摇杆握球顶面·倒角",down,1013.060188,1506.796348,4.060188,4.060188,independent
163,"2P/摇杆握球顶面·倒角",north,1013.060188,1525.060188,4.060188,4.73616,independent
163,"2P/摇杆握球顶面·倒角",east,1023.120376,1525.060188,4.060188,4.73616,independent
163,"2P/摇杆握球顶面·倒角",south,1033.180564,1525.060188,4.060188,4.73616,independent
163,"2P/摇杆握球顶面·倒角",west,1003,1525.060188,4.060188,4.73616,independent
163,"2P/摇杆握球顶面·倒角",up,1013.060188,1515,4.060188,4.060188,independent
163,"2P/摇杆握球顶面·倒角",down,1013.060188,1535.796348,4.060188,4.060188,independent
164,"2P/摇杆握球顶面·倒角",north,924.060188,1636.060188,4.060188,4.73616,independent
164,"2P/摇杆握球顶面·倒角",east,934.120376,1636.060188,4.060188,4.73616,independent
164,"2P/摇杆握球顶面·倒角",south,944.180564,1636.060188,4.060188,4.73616,independent
164,"2P/摇杆握球顶面·倒角",west,914,1636.060188,4.060188,4.73616,independent
164,"2P/摇杆握球顶面·倒角",up,924.060188,1626,4.060188,4.060188,independent
164,"2P/摇杆握球顶面·倒角",down,924.060188,1646.796348,4.060188,4.060188,independent
165,"2P/摇杆握球顶面·倒角",north,963.060188,1636.060188,4.060188,4.73616,independent
165,"2P/摇杆握球顶面·倒角",east,973.120376,1636.060188,4.060188,4.73616,independent
165,"2P/摇杆握球顶面·倒角",south,983.180564,1636.060188,4.060188,4.73616,independent
165,"2P/摇杆握球顶面·倒角",west,953,1636.060188,4.060188,4.73616,independent
165,"2P/摇杆握球顶面·倒角",up,963.060188,1626,4.060188,4.060188,independent
165,"2P/摇杆握球顶面·倒角",down,963.060188,1646.796348,4.060188,4.060188,independent
166,"2P/摇杆握球下端·横芯",north,793.316,1431.316,14.058,4.752,independent
166,"2P/摇杆握球下端·横芯",east,813.374,1431.316,8.316,4.752,independent
166,"2P/摇杆握球下端·横芯",south,827.69,1431.316,14.058,4.752,independent
166,"2P/摇杆握球下端·横芯",west,779,1431.316,8.316,4.752,independent
166,"2P/摇杆握球下端·横芯",up,793.316,1417,14.058,8.316,independent
166,"2P/摇杆握球下端·横芯",down,793.316,1442.068,14.058,8.316,independent
167,"2P/摇杆握球下端·竖芯",north,785.058,1569.058,8.316,4.74408,independent
167,"2P/摇杆握球下端·竖芯",east,799.374,1569.058,14.058,4.74408,independent
167,"2P/摇杆握球下端·竖芯",south,819.432,1569.058,8.316,4.74408,independent
167,"2P/摇杆握球下端·竖芯",west,765,1569.058,14.058,4.74408,independent
167,"2P/摇杆握球下端·竖芯",up,785.058,1549,8.316,14.058,independent
167,"2P/摇杆握球下端·竖芯",down,785.058,1579.80208,8.316,14.058,independent
168,"2P/摇杆握球下端·倒角",north,1011.060188,1554.060188,4.060188,4.73616,independent
168,"2P/摇杆握球下端·倒角",east,1021.120376,1554.060188,4.060188,4.73616,independent
168,"2P/摇杆握球下端·倒角",south,1031.180564,1554.060188,4.060188,4.73616,independent
168,"2P/摇杆握球下端·倒角",west,1001,1554.060188,4.060188,4.73616,independent
168,"2P/摇杆握球下端·倒角",up,1011.060188,1544,4.060188,4.060188,independent
168,"2P/摇杆握球下端·倒角",down,1011.060188,1564.796348,4.060188,4.060188,independent
169,"2P/摇杆握球下端·倒角",north,970.060188,1560.060188,4.060188,4.73616,independent
169,"2P/摇杆握球下端·倒角",east,980.120376,1560.060188,4.060188,4.73616,independent
169,"2P/摇杆握球下端·倒角",south,990.180564,1560.060188,4.060188,4.73616,independent
169,"2P/摇杆握球下端·倒角",west,960,1560.060188,4.060188,4.73616,independent
169,"2P/摇杆握球下端·倒角",up,970.060188,1550,4.060188,4.060188,independent
169,"2P/摇杆握球下端·倒角",down,970.060188,1570.796348,4.060188,4.060188,independent
170,"2P/摇杆握球下端·倒角",north,556.060188,1635.060188,4.060188,4.73616,independent
170,"2P/摇杆握球下端·倒角",east,566.120376,1635.060188,4.060188,4.73616,independent
170,"2P/摇杆握球下端·倒角",south,576.180564,1635.060188,4.060188,4.73616,independent
170,"2P/摇杆握球下端·倒角",west,546,1635.060188,4.060188,4.73616,independent
170,"2P/摇杆握球下端·倒角",up,556.060188,1625,4.060188,4.060188,independent
170,"2P/摇杆握球下端·倒角",down,556.060188,1645.796348,4.060188,4.060188,independent
171,"2P/摇杆握球下端·倒角",north,595.060188,1635.060188,4.060188,4.73616,independent
171,"2P/摇杆握球下端·倒角",east,605.120376,1635.060188,4.060188,4.73616,independent
171,"2P/摇杆握球下端·倒角",south,615.180564,1635.060188,4.060188,4.73616,independent
171,"2P/摇杆握球下端·倒角",west,585,1635.060188,4.060188,4.73616,independent
171,"2P/摇杆握球下端·倒角",up,595.060188,1625,4.060188,4.060188,independent
171,"2P/摇杆握球下端·倒角",down,595.060188,1645.796348,4.060188,4.060188,independent
172,"2P/操作按钮1·横芯",north,707.3852,1629.3852,16.038,6.336,independent
172,"2P/操作按钮1·横芯",east,729.4232,1629.3852,9.3852,6.336,independent
172,"2P/操作按钮1·横芯",south,744.8084,1629.3852,16.038,6.336,independent
172,"2P/操作按钮1·横芯",west,692,1629.3852,9.3852,6.336,independent
172,"2P/操作按钮1·横芯",up,707.3852,1614,16.038,9.3852,independent
172,"2P/操作按钮1·横芯",down,707.3852,1641.7212,16.038,9.3852,independent
173,"2P/操作按钮1·竖芯",north,568.038,1592.038,9.3852,6.32808,independent
173,"2P/操作按钮1·竖芯",east,583.4232,1592.038,16.038,6.32808,independent
173,"2P/操作按钮1·竖芯",south,605.4612,1592.038,9.3852,6.32808,independent
173,"2P/操作按钮1·竖芯",west,546,1592.038,16.038,6.32808,independent
173,"2P/操作按钮1·竖芯",up,568.038,1570,9.3852,16.038,independent
173,"2P/操作按钮1·竖芯",down,568.038,1604.36608,9.3852,16.038,independent
174,"2P/操作按钮1·倒角",north,860.704084,1336.704084,4.704084,6.32016,independent
174,"2P/操作按钮1·倒角",east,871.408168,1336.704084,4.704084,6.32016,independent
174,"2P/操作按钮1·倒角",south,882.112252,1336.704084,4.704084,6.32016,independent
174,"2P/操作按钮1·倒角",west,850,1336.704084,4.704084,6.32016,independent
174,"2P/操作按钮1·倒角",up,860.704084,1326,4.704084,4.704084,independent
174,"2P/操作按钮1·倒角",down,860.704084,1349.024244,4.704084,4.704084,independent
175,"2P/操作按钮1·倒角",north,901.704084,1336.704084,4.704084,6.32016,independent
175,"2P/操作按钮1·倒角",east,912.408168,1336.704084,4.704084,6.32016,independent
175,"2P/操作按钮1·倒角",south,923.112252,1336.704084,4.704084,6.32016,independent
175,"2P/操作按钮1·倒角",west,891,1336.704084,4.704084,6.32016,independent
175,"2P/操作按钮1·倒角",up,901.704084,1326,4.704084,4.704084,independent
175,"2P/操作按钮1·倒角",down,901.704084,1349.024244,4.704084,4.704084,independent
176,"2P/操作按钮1·倒角",north,902.704084,1403.704084,4.704084,6.32016,independent
176,"2P/操作按钮1·倒角",east,913.408168,1403.704084,4.704084,6.32016,independent
176,"2P/操作按钮1·倒角",south,924.112252,1403.704084,4.704084,6.32016,independent
176,"2P/操作按钮1·倒角",west,892,1403.704084,4.704084,6.32016,independent
176,"2P/操作按钮1·倒角",up,902.704084,1393,4.704084,4.704084,independent
176,"2P/操作按钮1·倒角",down,902.704084,1416.024244,4.704084,4.704084,independent
177,"2P/操作按钮1·倒角",north,906.704084,1368.704084,4.704084,6.32016,independent
177,"2P/操作按钮1·倒角",east,917.408168,1368.704084,4.704084,6.32016,independent
177,"2P/操作按钮1·倒角",south,928.112252,1368.704084,4.704084,6.32016,independent
177,"2P/操作按钮1·倒角",west,896,1368.704084,4.704084,6.32016,independent
177,"2P/操作按钮1·倒角",up,906.704084,1358,4.704084,4.704084,independent
177,"2P/操作按钮1·倒角",down,906.704084,1381.024244,4.704084,4.704084,independent
178,"2P/操作按钮2·横芯",north,666.3852,1396.3852,16.038,6.336,independent
178,"2P/操作按钮2·横芯",east,688.4232,1396.3852,9.3852,6.336,independent
178,"2P/操作按钮2·横芯",south,703.8084,1396.3852,16.038,6.336,independent
178,"2P/操作按钮2·横芯",west,651,1396.3852,9.3852,6.336,independent
178,"2P/操作按钮2·横芯",up,666.3852,1381,16.038,9.3852,independent
178,"2P/操作按钮2·横芯",down,666.3852,1408.7212,16.038,9.3852,independent
179,"2P/操作按钮2·竖芯",north,641.038,1592.038,9.3852,6.32808,independent
179,"2P/操作按钮2·竖芯",east,656.4232,1592.038,16.038,6.32808,independent
179,"2P/操作按钮2·竖芯",south,678.4612,1592.038,9.3852,6.32808,independent
179,"2P/操作按钮2·竖芯",west,619,1592.038,16.038,6.32808,independent
179,"2P/操作按钮2·竖芯",up,641.038,1570,9.3852,16.038,independent
179,"2P/操作按钮2·竖芯",down,641.038,1604.36608,9.3852,16.038,independent
180,"2P/操作按钮2·倒角",north,942.704084,1336.704084,4.704084,6.32016,independent
180,"2P/操作按钮2·倒角",east,953.408168,1336.704084,4.704084,6.32016,independent
180,"2P/操作按钮2·倒角",south,964.112252,1336.704084,4.704084,6.32016,independent
180,"2P/操作按钮2·倒角",west,932,1336.704084,4.704084,6.32016,independent
180,"2P/操作按钮2·倒角",up,942.704084,1326,4.704084,4.704084,independent
180,"2P/操作按钮2·倒角",down,942.704084,1349.024244,4.704084,4.704084,independent
181,"2P/操作按钮2·倒角",north,983.704084,1336.704084,4.704084,6.32016,independent
181,"2P/操作按钮2·倒角",east,994.408168,1336.704084,4.704084,6.32016,independent
181,"2P/操作按钮2·倒角",south,1005.112252,1336.704084,4.704084,6.32016,independent
181,"2P/操作按钮2·倒角",west,973,1336.704084,4.704084,6.32016,independent
181,"2P/操作按钮2·倒角",up,983.704084,1326,4.704084,4.704084,independent
181,"2P/操作按钮2·倒角",down,983.704084,1349.024244,4.704084,4.704084,independent
182,"2P/操作按钮2·倒角",north,842.704084,1590.704084,4.704084,6.32016,independent
182,"2P/操作按钮2·倒角",east,853.408168,1590.704084,4.704084,6.32016,independent
182,"2P/操作按钮2·倒角",south,864.112252,1590.704084,4.704084,6.32016,independent
182,"2P/操作按钮2·倒角",west,832,1590.704084,4.704084,6.32016,independent
182,"2P/操作按钮2·倒角",up,842.704084,1580,4.704084,4.704084,independent
182,"2P/操作按钮2·倒角",down,842.704084,1603.024244,4.704084,4.704084,independent
183,"2P/操作按钮2·倒角",north,842.704084,1622.704084,4.704084,6.32016,independent
183,"2P/操作按钮2·倒角",east,853.408168,1622.704084,4.704084,6.32016,independent
183,"2P/操作按钮2·倒角",south,864.112252,1622.704084,4.704084,6.32016,independent
183,"2P/操作按钮2·倒角",west,832,1622.704084,4.704084,6.32016,independent
183,"2P/操作按钮2·倒角",up,842.704084,1612,4.704084,4.704084,independent
183,"2P/操作按钮2·倒角",down,842.704084,1635.024244,4.704084,4.704084,independent
184,"2P/操作按钮3·横芯",north,721.3852,1438.3852,16.038,6.336,independent
184,"2P/操作按钮3·横芯",east,743.4232,1438.3852,9.3852,6.336,independent
184,"2P/操作按钮3·横芯",south,758.8084,1438.3852,16.038,6.336,independent
184,"2P/操作按钮3·横芯",west,706,1438.3852,9.3852,6.336,independent
184,"2P/操作按钮3·横芯",up,721.3852,1423,16.038,9.3852,independent
184,"2P/操作按钮3·横芯",down,721.3852,1450.7212,16.038,9.3852,independent
185,"2P/操作按钮3·竖芯",north,655.038,1471.038,9.3852,6.32808,independent
185,"2P/操作按钮3·竖芯",east,670.4232,1471.038,16.038,6.32808,independent
185,"2P/操作按钮3·竖芯",south,692.4612,1471.038,9.3852,6.32808,independent
185,"2P/操作按钮3·竖芯",west,633,1471.038,16.038,6.32808,independent
185,"2P/操作按钮3·竖芯",up,655.038,1449,9.3852,16.038,independent
185,"2P/操作按钮3·竖芯",down,655.038,1483.36608,9.3852,16.038,independent
186,"2P/操作按钮3·倒角",north,883.704084,1590.704084,4.704084,6.32016,independent
186,"2P/操作按钮3·倒角",east,894.408168,1590.704084,4.704084,6.32016,independent
186,"2P/操作按钮3·倒角",south,905.112252,1590.704084,4.704084,6.32016,independent
186,"2P/操作按钮3·倒角",west,873,1590.704084,4.704084,6.32016,independent
186,"2P/操作按钮3·倒角",up,883.704084,1580,4.704084,4.704084,independent
186,"2P/操作按钮3·倒角",down,883.704084,1603.024244,4.704084,4.704084,independent
187,"2P/操作按钮3·倒角",north,883.704084,1622.704084,4.704084,6.32016,independent
187,"2P/操作按钮3·倒角",east,894.408168,1622.704084,4.704084,6.32016,independent
187,"2P/操作按钮3·倒角",south,905.112252,1622.704084,4.704084,6.32016,independent
187,"2P/操作按钮3·倒角",west,873,1622.704084,4.704084,6.32016,independent
187,"2P/操作按钮3·倒角",up,883.704084,1612,4.704084,4.704084,independent
187,"2P/操作按钮3·倒角",down,883.704084,1635.024244,4.704084,4.704084,independent
188,"2P/操作按钮3·倒角",north,888.704084,1540.704084,4.704084,6.32016,independent
188,"2P/操作按钮3·倒角",east,899.408168,1540.704084,4.704084,6.32016,independent
188,"2P/操作按钮3·倒角",south,910.112252,1540.704084,4.704084,6.32016,independent
188,"2P/操作按钮3·倒角",west,878,1540.704084,4.704084,6.32016,independent
188,"2P/操作按钮3·倒角",up,888.704084,1530,4.704084,4.704084,independent
188,"2P/操作按钮3·倒角",down,888.704084,1553.024244,4.704084,4.704084,independent
189,"2P/操作按钮3·倒角",north,924.704084,1572.704084,4.704084,6.32016,independent
189,"2P/操作按钮3·倒角",east,935.408168,1572.704084,4.704084,6.32016,independent
189,"2P/操作按钮3·倒角",south,946.112252,1572.704084,4.704084,6.32016,independent
189,"2P/操作按钮3·倒角",west,914,1572.704084,4.704084,6.32016,independent
189,"2P/操作按钮3·倒角",up,924.704084,1562,4.704084,4.704084,independent
189,"2P/操作按钮3·倒角",down,924.704084,1585.024244,4.704084,4.704084,independent
190,"2P/操作按钮4·横芯",north,721.3852,1480.3852,16.038,6.336,independent
190,"2P/操作按钮4·横芯",east,743.4232,1480.3852,9.3852,6.336,independent
190,"2P/操作按钮4·横芯",south,758.8084,1480.3852,16.038,6.336,independent
190,"2P/操作按钮4·横芯",west,706,1480.3852,9.3852,6.336,independent
190,"2P/操作按钮4·横芯",up,721.3852,1465,16.038,9.3852,independent
190,"2P/操作按钮4·横芯",down,721.3852,1492.7212,16.038,9.3852,independent
191,"2P/操作按钮4·竖芯",north,655.038,1526.038,9.3852,6.32808,independent
191,"2P/操作按钮4·竖芯",east,670.4232,1526.038,16.038,6.32808,independent
191,"2P/操作按钮4·竖芯",south,692.4612,1526.038,9.3852,6.32808,independent
191,"2P/操作按钮4·竖芯",west,633,1526.038,16.038,6.32808,independent
191,"2P/操作按钮4·竖芯",up,655.038,1504,9.3852,16.038,independent
191,"2P/操作按钮4·竖芯",down,655.038,1538.36608,9.3852,16.038,independent
192,"2P/操作按钮4·倒角",north,929.704084,1540.704084,4.704084,6.32016,independent
192,"2P/操作按钮4·倒角",east,940.408168,1540.704084,4.704084,6.32016,independent
192,"2P/操作按钮4·倒角",south,951.112252,1540.704084,4.704084,6.32016,independent
192,"2P/操作按钮4·倒角",west,919,1540.704084,4.704084,6.32016,independent
192,"2P/操作按钮4·倒角",up,929.704084,1530,4.704084,4.704084,independent
192,"2P/操作按钮4·倒角",down,929.704084,1553.024244,4.704084,4.704084,independent
193,"2P/操作按钮4·倒角",north,931.704084,1483.704084,4.704084,6.32016,independent
193,"2P/操作按钮4·倒角",east,942.408168,1483.704084,4.704084,6.32016,independent
193,"2P/操作按钮4·倒角",south,953.112252,1483.704084,4.704084,6.32016,independent
193,"2P/操作按钮4·倒角",west,921,1483.704084,4.704084,6.32016,independent
193,"2P/操作按钮4·倒角",up,931.704084,1473,4.704084,4.704084,independent
193,"2P/操作按钮4·倒角",down,931.704084,1496.024244,4.704084,4.704084,independent
194,"2P/操作按钮4·倒角",north,939.704084,1435.704084,4.704084,6.32016,independent
194,"2P/操作按钮4·倒角",east,950.408168,1435.704084,4.704084,6.32016,independent
194,"2P/操作按钮4·倒角",south,961.112252,1435.704084,4.704084,6.32016,independent
194,"2P/操作按钮4·倒角",west,929,1435.704084,4.704084,6.32016,independent
194,"2P/操作按钮4·倒角",up,939.704084,1425,4.704084,4.704084,independent
194,"2P/操作按钮4·倒角",down,939.704084,1448.024244,4.704084,4.704084,independent
195,"2P/操作按钮4·倒角",north,943.704084,1400.704084,4.704084,6.32016,independent
195,"2P/操作按钮4·倒角",east,954.408168,1400.704084,4.704084,6.32016,independent
195,"2P/操作按钮4·倒角",south,965.112252,1400.704084,4.704084,6.32016,independent
195,"2P/操作按钮4·倒角",west,933,1400.704084,4.704084,6.32016,independent
195,"2P/操作按钮4·倒角",up,943.704084,1390,4.704084,4.704084,independent
195,"2P/操作按钮4·倒角",down,943.704084,1413.024244,4.704084,4.704084,independent
196,"2P/操作按钮5·横芯",north,721.3852,1522.3852,16.038,6.336,independent
196,"2P/操作按钮5·横芯",east,743.4232,1522.3852,9.3852,6.336,independent
196,"2P/操作按钮5·横芯",south,758.8084,1522.3852,16.038,6.336,independent
196,"2P/操作按钮5·横芯",west,706,1522.3852,9.3852,6.336,independent
196,"2P/操作按钮5·横芯",up,721.3852,1507,16.038,9.3852,independent
196,"2P/操作按钮5·横芯",down,721.3852,1534.7212,16.038,9.3852,independent
197,"2P/操作按钮5·竖芯",north,714.038,1581.038,9.3852,6.32808,independent
197,"2P/操作按钮5·竖芯",east,729.4232,1581.038,16.038,6.32808,independent
197,"2P/操作按钮5·竖芯",south,751.4612,1581.038,9.3852,6.32808,independent
197,"2P/操作按钮5·竖芯",west,692,1581.038,16.038,6.32808,independent
197,"2P/操作按钮5·竖芯",up,714.038,1559,9.3852,16.038,independent
197,"2P/操作按钮5·竖芯",down,714.038,1593.36608,9.3852,16.038,independent
198,"2P/操作按钮5·倒角",north,947.704084,1368.704084,4.704084,6.32016,independent
198,"2P/操作按钮5·倒角",east,958.408168,1368.704084,4.704084,6.32016,independent
198,"2P/操作按钮5·倒角",south,969.112252,1368.704084,4.704084,6.32016,independent
198,"2P/操作按钮5·倒角",west,937,1368.704084,4.704084,6.32016,independent
198,"2P/操作按钮5·倒角",up,947.704084,1358,4.704084,4.704084,independent
198,"2P/操作按钮5·倒角",down,947.704084,1381.024244,4.704084,4.704084,independent
199,"2P/操作按钮5·倒角",north,988.704084,1368.704084,4.704084,6.32016,independent
199,"2P/操作按钮5·倒角",east,999.408168,1368.704084,4.704084,6.32016,independent
199,"2P/操作按钮5·倒角",south,1010.112252,1368.704084,4.704084,6.32016,independent
199,"2P/操作按钮5·倒角",west,978,1368.704084,4.704084,6.32016,independent
199,"2P/操作按钮5·倒角",up,988.704084,1358,4.704084,4.704084,independent
199,"2P/操作按钮5·倒角",down,988.704084,1381.024244,4.704084,4.704084,independent
200,"2P/操作按钮5·倒角",north,984.704084,1400.704084,4.704084,6.32016,independent
200,"2P/操作按钮5·倒角",east,995.408168,1400.704084,4.704084,6.32016,independent
200,"2P/操作按钮5·倒角",south,1006.112252,1400.704084,4.704084,6.32016,independent
200,"2P/操作按钮5·倒角",west,974,1400.704084,4.704084,6.32016,independent
200,"2P/操作按钮5·倒角",up,984.704084,1390,4.704084,4.704084,independent
200,"2P/操作按钮5·倒角",down,984.704084,1413.024244,4.704084,4.704084,independent
201,"2P/操作按钮5·倒角",north,924.704084,1604.704084,4.704084,6.32016,independent
201,"2P/操作按钮5·倒角",east,935.408168,1604.704084,4.704084,6.32016,independent
201,"2P/操作按钮5·倒角",south,946.112252,1604.704084,4.704084,6.32016,independent
201,"2P/操作按钮5·倒角",west,914,1604.704084,4.704084,6.32016,independent
201,"2P/操作按钮5·倒角",up,924.704084,1594,4.704084,4.704084,independent
201,"2P/操作按钮5·倒角",down,924.704084,1617.024244,4.704084,4.704084,independent
202,"2P/操作按钮6·横芯",north,739.3852,1341.3852,16.038,6.336,independent
202,"2P/操作按钮6·横芯",east,761.4232,1341.3852,9.3852,6.336,independent
202,"2P/操作按钮6·横芯",south,776.8084,1341.3852,16.038,6.336,independent
202,"2P/操作按钮6·横芯",west,724,1341.3852,9.3852,6.336,independent
202,"2P/操作按钮6·横芯",up,739.3852,1326,16.038,9.3852,independent
202,"2P/操作按钮6·横芯",down,739.3852,1353.7212,16.038,9.3852,independent
203,"2P/操作按钮6·竖芯",north,673.038,1348.038,9.3852,6.32808,independent
203,"2P/操作按钮6·竖芯",east,688.4232,1348.038,16.038,6.32808,independent
203,"2P/操作按钮6·竖芯",south,710.4612,1348.038,9.3852,6.32808,independent
203,"2P/操作按钮6·竖芯",west,651,1348.038,16.038,6.32808,independent
203,"2P/操作按钮6·竖芯",up,673.038,1326,9.3852,16.038,independent
203,"2P/操作按钮6·竖芯",down,673.038,1360.36608,9.3852,16.038,independent
204,"2P/操作按钮6·倒角",north,980.704084,1432.704084,4.704084,6.32016,independent
204,"2P/操作按钮6·倒角",east,991.408168,1432.704084,4.704084,6.32016,independent
204,"2P/操作按钮6·倒角",south,1002.112252,1432.704084,4.704084,6.32016,independent
204,"2P/操作按钮6·倒角",west,970,1432.704084,4.704084,6.32016,independent
204,"2P/操作按钮6·倒角",up,980.704084,1422,4.704084,4.704084,independent
204,"2P/操作按钮6·倒角",down,980.704084,1445.024244,4.704084,4.704084,independent
205,"2P/操作按钮6·倒角",north,980.704084,1464.704084,4.704084,6.32016,independent
205,"2P/操作按钮6·倒角",east,991.408168,1464.704084,4.704084,6.32016,independent
205,"2P/操作按钮6·倒角",south,1002.112252,1464.704084,4.704084,6.32016,independent
205,"2P/操作按钮6·倒角",west,970,1464.704084,4.704084,6.32016,independent
205,"2P/操作按钮6·倒角",up,980.704084,1454,4.704084,4.704084,independent
205,"2P/操作按钮6·倒角",down,980.704084,1477.024244,4.704084,4.704084,independent
206,"2P/操作按钮6·倒角",north,972.704084,1496.704084,4.704084,6.32016,independent
206,"2P/操作按钮6·倒角",east,983.408168,1496.704084,4.704084,6.32016,independent
206,"2P/操作按钮6·倒角",south,994.112252,1496.704084,4.704084,6.32016,independent
206,"2P/操作按钮6·倒角",west,962,1496.704084,4.704084,6.32016,independent
206,"2P/操作按钮6·倒角",up,972.704084,1486,4.704084,4.704084,independent
206,"2P/操作按钮6·倒角",down,972.704084,1509.024244,4.704084,4.704084,independent
207,"2P/操作按钮6·倒角",north,970.704084,1528.704084,4.704084,6.32016,independent
207,"2P/操作按钮6·倒角",east,981.408168,1528.704084,4.704084,6.32016,independent
207,"2P/操作按钮6·倒角",south,992.112252,1528.704084,4.704084,6.32016,independent
207,"2P/操作按钮6·倒角",west,960,1528.704084,4.704084,6.32016,independent
207,"2P/操作按钮6·倒角",up,970.704084,1518,4.704084,4.704084,independent
207,"2P/操作按钮6·倒角",down,970.704084,1541.024244,4.704084,4.704084,independent
208,"2P/开始键·横芯",north,808.7024,1337.7024,9.702,4.158,independent
208,"2P/开始键·横芯",east,824.4044,1337.7024,5.7024,4.158,independent
208,"2P/开始键·横芯",south,836.1068,1337.7024,9.702,4.158,independent
208,"2P/开始键·横芯",west,797,1337.7024,5.7024,4.158,independent
208,"2P/开始键·横芯",up,808.7024,1326,9.702,5.7024,independent
208,"2P/开始键·横芯",down,808.7024,1347.8604,9.702,5.7024,independent
209,"2P/开始键·竖芯",north,806.702,1383.702,5.7024,4.15008,independent
209,"2P/开始键·竖芯",east,818.4044,1383.702,9.702,4.15008,independent
209,"2P/开始键·竖芯",south,834.1064,1383.702,5.7024,4.15008,independent
209,"2P/开始键·竖芯",west,791,1383.702,9.702,4.15008,independent
209,"2P/开始键·竖芯",up,806.702,1368,5.7024,9.702,independent
209,"2P/开始键·竖芯",down,806.702,1393.85208,5.7024,9.702,independent
210,"2P/开始键·倒角",north,659.828232,1431.828232,2.828232,4.14216,independent
210,"2P/开始键·倒角",east,668.656464,1431.828232,2.828232,4.14216,independent
210,"2P/开始键·倒角",south,677.484696,1431.828232,2.828232,4.14216,independent
210,"2P/开始键·倒角",west,651,1431.828232,2.828232,4.14216,independent
210,"2P/开始键·倒角",up,659.828232,1423,2.828232,2.828232,independent
210,"2P/开始键·倒角",down,659.828232,1441.970392,2.828232,2.828232,independent
211,"2P/开始键·倒角",north,632.828232,1633.828232,2.828232,4.14216,independent
211,"2P/开始键·倒角",east,641.656464,1633.828232,2.828232,4.14216,independent
211,"2P/开始键·倒角",south,650.484696,1633.828232,2.828232,4.14216,independent
211,"2P/开始键·倒角",west,624,1633.828232,2.828232,4.14216,independent
211,"2P/开始键·倒角",up,632.828232,1625,2.828232,2.828232,independent
211,"2P/开始键·倒角",down,632.828232,1643.970392,2.828232,2.828232,independent
212,"2P/开始键·倒角",north,666.828232,1633.828232,2.828232,4.14216,independent
212,"2P/开始键·倒角",east,675.656464,1633.828232,2.828232,4.14216,independent
212,"2P/开始键·倒角",south,684.484696,1633.828232,2.828232,4.14216,independent
212,"2P/开始键·倒角",west,658,1633.828232,2.828232,4.14216,independent
212,"2P/开始键·倒角",up,666.828232,1625,2.828232,2.828232,independent
212,"2P/开始键·倒角",down,666.828232,1643.970392,2.828232,2.828232,independent
213,"2P/开始键·倒角",north,1007.828232,1581.828232,2.828232,4.14216,independent
213,"2P/开始键·倒角",east,1016.656464,1581.828232,2.828232,4.14216,independent
213,"2P/开始键·倒角",south,1025.484696,1581.828232,2.828232,4.14216,independent
213,"2P/开始键·倒角",west,999,1581.828232,2.828232,4.14216,independent
213,"2P/开始键·倒角",up,1007.828232,1573,2.828232,2.828232,independent
213,"2P/开始键·倒角",down,1007.828232,1591.970392,2.828232,2.828232,independent
214,"1P/投币门黑框",north,1565,1977,19.6,24.6,independent
214,"1P/投币门黑框",east,1590.6,1977,2,24.6,independent
214,"1P/投币门黑框",south,1598.6,1977,19.6,24.6,independent
214,"1P/投币门黑框",west,1557,1977,2,24.6,independent
214,"1P/投币门黑框",up,1565,1969,19.6,2,independent
214,"1P/投币门黑框",down,1565,2007.6,19.6,2,independent
215,"1P/投币门金属边",north,1696,1897,17.92,22.96,independent
215,"1P/投币门金属边",east,1719.92,1897,2,22.96,independent
215,"1P/投币门金属边",south,1727.92,1897,17.92,22.96,independent
215,"1P/投币门金属边",west,1688,1897,2,22.96,independent
215,"1P/投币门金属边",up,1696,1889,17.92,2,independent
215,"1P/投币门金属边",down,1696,1925.96,17.92,2,independent
216,"1P/投币门内板",north,1787,1767,16.48,21.48,independent
216,"1P/投币门内板",east,1809.48,1767,2,21.48,independent
216,"1P/投币门内板",south,1817.48,1767,16.48,21.48,independent
216,"1P/投币门内板",west,1779,1767,2,21.48,independent
216,"1P/投币门内板",up,1787,1759,16.48,2,independent
216,"1P/投币门内板",down,1787,1794.48,16.48,2,independent
217,"1P/投币机构边框",north,294,1930,4.48,8.08,independent
217,"1P/投币机构边框",east,304.48,1930,2,8.08,independent
217,"1P/投币机构边框",south,312.48,1930,4.48,8.08,independent
217,"1P/投币机构边框",west,286,1930,2,8.08,independent
217,"1P/投币机构边框",up,294,1922,4.48,2,independent
217,"1P/投币机构边框",down,294,1944.08,4.48,2,independent
218,"1P/退币小红钮",north,1794,1895,2.8,2.68,independent
218,"1P/退币小红钮",east,1802.8,1895,2,2.68,independent
218,"1P/退币小红钮",south,1810.8,1895,2.8,2.68,independent
218,"1P/退币小红钮",west,1786,1895,2,2.68,independent
218,"1P/退币小红钮",up,1794,1887,2.8,2,independent
218,"1P/退币小红钮",down,1794,1903.68,2.8,2,independent
219,"1P/单个竖投币缝",north,1818,1832,2,2.8,independent
219,"1P/单个竖投币缝",east,1826,1832,2,2.8,independent
219,"1P/单个竖投币缝",south,1834,1832,2,2.8,independent
219,"1P/单个竖投币缝",west,1810,1832,2,2.8,independent
219,"1P/单个竖投币缝",up,1818,1824,2,2,independent
219,"1P/单个竖投币缝",down,1818,1840.8,2,2,independent
220,"1P/单个取币口边缘",north,1480,2001,6,4.8,independent
220,"1P/单个取币口边缘",east,1492,2001,2,4.8,independent
220,"1P/单个取币口边缘",south,1500,2001,6,4.8,independent
220,"1P/单个取币口边缘",west,1472,2001,2,4.8,independent
220,"1P/单个取币口边缘",up,1480,1993,6,2,independent
220,"1P/单个取币口边缘",down,1480,2011.8,6,2,independent
221,"1P/单个取币口暗腔",north,1758,1895,4.56,3.48,independent
221,"1P/单个取币口暗腔",east,1768.56,1895,2,3.48,independent
221,"1P/单个取币口暗腔",south,1776.56,1895,4.56,3.48,independent
221,"1P/单个取币口暗腔",west,1750,1895,2,3.48,independent
221,"1P/单个取币口暗腔",up,1758,1887,4.56,2,independent
221,"1P/单个取币口暗腔",down,1758,1904.48,4.56,2,independent
222,"1P/投币门锁",north,1848,1792,2,2,independent
222,"1P/投币门锁",east,1856,1792,2,2,independent
222,"1P/投币门锁",south,1864,1792,2,2,independent
222,"1P/投币门锁",west,1840,1792,2,2,independent
222,"1P/投币门锁",up,1848,1784,2,2,independent
222,"1P/投币门锁",down,1848,1800,2,2,independent
223,"1P/门锁细孔",north,1848,1814,2,2,independent
223,"1P/门锁细孔",east,1856,1814,2,2,independent
223,"1P/门锁细孔",south,1864,1814,2,2,independent
223,"1P/门锁细孔",west,1840,1814,2,2,independent
223,"1P/门锁细孔",up,1848,1806,2,2,independent
223,"1P/门锁细孔",down,1848,1822,2,2,independent
224,"2P/投币门黑框",north,1626,1884,19.6,24.6,independent
224,"2P/投币门黑框",east,1651.6,1884,2,24.6,independent
224,"2P/投币门黑框",south,1659.6,1884,19.6,24.6,independent
224,"2P/投币门黑框",west,1618,1884,2,24.6,independent
224,"2P/投币门黑框",up,1626,1876,19.6,2,independent
224,"2P/投币门黑框",down,1626,1914.6,19.6,2,independent
225,"2P/投币门金属边",north,1756,1828,17.92,22.96,independent
225,"2P/投币门金属边",east,1779.92,1828,2,22.96,independent
225,"2P/投币门金属边",south,1787.92,1828,17.92,22.96,independent
225,"2P/投币门金属边",west,1748,1828,2,22.96,independent
225,"2P/投币门金属边",up,1756,1820,17.92,2,independent
225,"2P/投币门金属边",down,1756,1856.96,17.92,2,independent
226,"2P/投币门内板",north,1835,1706,16.48,21.48,independent
226,"2P/投币门内板",east,1857.48,1706,2,21.48,independent
226,"2P/投币门内板",south,1865.48,1706,16.48,21.48,independent
226,"2P/投币门内板",west,1827,1706,2,21.48,independent
226,"2P/投币门内板",up,1835,1698,16.48,2,independent
226,"2P/投币门内板",down,1835,1733.48,16.48,2,independent
227,"2P/投币机构边框",north,1770,2000,4.48,8.08,independent
227,"2P/投币机构边框",east,1780.48,2000,2,8.08,independent
227,"2P/投币机构边框",south,1788.48,2000,4.48,8.08,independent
227,"2P/投币机构边框",west,1762,2000,2,8.08,independent
227,"2P/投币机构边框",up,1770,1992,4.48,2,independent
227,"2P/投币机构边框",down,1770,2014.08,4.48,2,independent
228,"2P/退币小红钮",north,1799,1871,2.8,2.68,independent
228,"2P/退币小红钮",east,1807.8,1871,2,2.68,independent
228,"2P/退币小红钮",south,1815.8,1871,2.8,2.68,independent
228,"2P/退币小红钮",west,1791,1871,2,2.68,independent
228,"2P/退币小红钮",up,1799,1863,2.8,2,independent
228,"2P/退币小红钮",down,1799,1879.68,2.8,2,independent
229,"2P/单个竖投币缝",north,1831,1855,2,2.8,independent
229,"2P/单个竖投币缝",east,1839,1855,2,2.8,independent
229,"2P/单个竖投币缝",south,1847,1855,2,2.8,independent
229,"2P/单个竖投币缝",west,1823,1855,2,2.8,independent
229,"2P/单个竖投币缝",up,1831,1847,2,2,independent
229,"2P/单个竖投币缝",down,1831,1863.8,2,2,independent
230,"2P/单个取币口边缘",north,1518,2001,6,4.8,independent
230,"2P/单个取币口边缘",east,1530,2001,2,4.8,independent
230,"2P/单个取币口边缘",south,1538,2001,6,4.8,independent
230,"2P/单个取币口边缘",west,1510,2001,2,4.8,independent
230,"2P/单个取币口边缘",up,1518,1993,6,2,independent
230,"2P/单个取币口边缘",down,1518,2011.8,6,2,independent
231,"2P/单个取币口暗腔",north,1770,1976,4.56,3.48,independent
231,"2P/单个取币口暗腔",east,1780.56,1976,2,3.48,independent
231,"2P/单个取币口暗腔",south,1788.56,1976,4.56,3.48,independent
231,"2P/单个取币口暗腔",west,1762,1976,2,3.48,independent
231,"2P/单个取币口暗腔",up,1770,1968,4.56,2,independent
231,"2P/单个取币口暗腔",down,1770,1985.48,4.56,2,independent
232,"2P/投币门锁",north,1861,1836,2,2,independent
232,"2P/投币门锁",east,1869,1836,2,2,independent
232,"2P/投币门锁",south,1877,1836,2,2,independent
232,"2P/投币门锁",west,1853,1836,2,2,independent
232,"2P/投币门锁",up,1861,1828,2,2,independent
232,"2P/投币门锁",down,1861,1844,2,2,independent
233,"2P/门锁细孔",north,1886,1858,2,2,independent
233,"2P/门锁细孔",east,1894,1858,2,2,independent
233,"2P/门锁细孔",south,1902,1858,2,2,independent
233,"2P/门锁细孔",west,1878,1858,2,2,independent
233,"2P/门锁细孔",up,1886,1850,2,2,independent
233,"2P/门锁细孔",down,1886,1866,2,2,independent
234,"宽屏底部结构横梁",north,356.8,1723.8,86.4,5.6,independent
234,"宽屏底部结构横梁",east,449.2,1723.8,19.8,5.6,independent
234,"宽屏底部结构横梁",south,475,1723.8,86.4,5.6,independent
234,"宽屏底部结构横梁",west,331,1723.8,19.8,5.6,independent
234,"宽屏底部结构横梁",up,356.8,1698,86.4,19.8,independent
234,"宽屏底部结构横梁",down,356.8,1735.4,86.4,19.8,independent
235,"左侧板·屏台接缝闭合片",north,1734.2,1981.2,3,9.2,independent
235,"左侧板·屏台接缝闭合片",south,1754.4,1981.2,3,9.2,independent
235,"左侧板·屏台接缝闭合片",west,1723,1981.2,5.2,9.2,independent
235,"左侧板·屏台接缝闭合片",up,1734.2,1970,3,5.2,independent
235,"左侧板·屏台接缝闭合片",down,1734.2,1996.4,3,5.2,independent
236,"右侧板·屏台接缝闭合片",north,1745.2,1943.2,3,9.2,independent
236,"右侧板·屏台接缝闭合片",east,1754.2,1943.2,5.2,9.2,independent
236,"右侧板·屏台接缝闭合片",south,1765.4,1943.2,3,9.2,independent
236,"右侧板·屏台接缝闭合片",up,1745.2,1932,3,5.2,independent
236,"右侧板·屏台接缝闭合片",down,1745.2,1958.4,3,5.2,independent
10,"左侧板·连续后脊",north,11,11,3,84,independent
10,"左侧板·连续后脊",south,23,11,3,84,independent
10,"左侧板·连续后脊",west,475,11,27,84,independent
10,"左侧板·连续后脊",up,35,11,3,27,independent
10,"左侧板·连续后脊",down,47,11,3,27,independent
12,"左侧板·肩部闭合片",north,59,11,3,15,independent
12,"左侧板·肩部闭合片",south,71,11,3,15,independent
12,"左侧板·肩部闭合片",west,83,11,27,15,independent
12,"左侧板·肩部闭合片",up,119,11,3,27,independent
12,"左侧板·肩部闭合片",down,131,11,3,27,independent
13,"左側板·后仰屏边",north,143,11,3,64,independent
13,"左側板·后仰屏边",south,155,11,3,64,independent
13,"左側板·后仰屏边",west,167,11,30,64,independent
13,"左側板·后仰屏边",up,203,11,3,30,independent
13,"左側板·后仰屏边",down,215,11,3,30,independent
17,"左侧板·灯箱回弯斜肩",north,227,11,3,3,independent
17,"左侧板·灯箱回弯斜肩",south,239,11,3,3,independent
17,"左侧板·灯箱回弯斜肩",west,251,11,13,3,independent
17,"左侧板·灯箱回弯斜肩",up,271,11,3,13,independent
17,"左侧板·灯箱回弯斜肩",down,283,11,3,13,independent
18,"左侧板·灯箱颊板",north,295,11,3,13,independent
18,"左侧板·灯箱颊板",south,307,11,3,13,independent
18,"左侧板·灯箱颊板",west,319,11,39,13,independent
18,"左侧板·灯箱颊板",up,367,11,3,39,independent
18,"左侧板·灯箱颊板",down,379,11,3,39,independent
20,"左屏幕前包边",north,391,11,4,64,independent
20,"左屏幕前包边",east,403,11,2,64,independent
20,"左屏幕前包边",south,411,11,4,64,independent
20,"左屏幕前包边",west,423,11,2,64,independent
20,"左屏幕前包边",up,431,11,4,2,independent
20,"左屏幕前包边",down,443,11,4,2,independent
21,"左灯箱前包边",north,455,11,4,14,independent
21,"左灯箱前包边",east,467,11,2,14,independent
21,"左灯箱前包边",south,511,11,4,14,independent
21,"左灯箱前包边",west,523,11,2,14,independent
21,"左灯箱前包边",up,531,11,4,2,independent
21,"左灯箱前包边",down,543,11,4,2,independent
23,"右侧板·连续后脊",north,987,11,3,84,independent
23,"右侧板·连续后脊",east,999,11,27,84,independent
23,"右侧板·连续后脊",south,1035,11,3,84,independent
23,"右侧板·连续后脊",up,555,11,3,27,independent
23,"右侧板·连续后脊",down,567,11,3,27,independent
25,"右侧板·肩部闭合片",north,579,11,3,15,independent
25,"右侧板·肩部闭合片",east,591,11,27,15,independent
25,"右侧板·肩部闭合片",south,627,11,3,15,independent
25,"右侧板·肩部闭合片",up,639,11,3,27,independent
25,"右侧板·肩部闭合片",down,651,11,3,27,independent
26,"右側板·后仰屏边",north,663,11,3,64,independent
26,"右側板·后仰屏边",east,675,11,30,64,independent
26,"右側板·后仰屏边",south,711,11,3,64,independent
26,"右側板·后仰屏边",up,723,11,3,30,independent
26,"右側板·后仰屏边",down,735,11,3,30,independent
30,"右侧板·灯箱回弯斜肩",north,747,11,3,3,independent
30,"右侧板·灯箱回弯斜肩",east,759,11,13,3,independent
30,"右侧板·灯箱回弯斜肩",south,779,11,3,3,independent
30,"右侧板·灯箱回弯斜肩",up,791,11,3,13,independent
30,"右侧板·灯箱回弯斜肩",down,803,11,3,13,independent
31,"右侧板·灯箱颊板",north,815,11,3,13,independent
31,"右侧板·灯箱颊板",east,827,11,39,13,independent
31,"右侧板·灯箱颊板",south,875,11,3,13,independent
31,"右侧板·灯箱颊板",up,887,11,3,39,independent
31,"右侧板·灯箱颊板",down,899,11,3,39,independent
33,"右屏幕前包边",north,911,11,4,64,independent
33,"右屏幕前包边",east,923,11,2,64,independent
33,"右屏幕前包边",south,931,11,4,64,independent
33,"右屏幕前包边",west,943,11,2,64,independent
33,"右屏幕前包边",up,951,11,4,2,independent
33,"右屏幕前包边",down,963,11,4,2,independent
34,"右灯箱前包边",north,975,11,4,14,independent
34,"右灯箱前包边",east,1047,11,2,14,independent
34,"右灯箱前包边",south,1055,11,4,14,independent
34,"右灯箱前包边",west,1067,11,2,14,independent
34,"右灯箱前包边",up,1075,11,4,2,independent
34,"右灯箱前包边",down,1087,11,4,2,independent
40,"屏幕厚背壳",north,987,103,88,64,independent
40,"屏幕厚背壳",east,1991,11,6,64,independent
40,"屏幕厚背壳",south,987,175,88,64,independent
40,"屏幕厚背壳",west,2003,11,6,64,independent
40,"屏幕厚背壳",up,1099,11,88,6,independent
40,"屏幕厚背壳",down,1195,11,88,6,independent
41,"屏幕左厚框",north,2015,11,3,64,independent
41,"屏幕左厚框",east,2027,11,3,64,independent
41,"屏幕左厚框",south,531,19,3,64,independent
41,"屏幕左厚框",west,1075,19,3,64,independent
41,"屏幕左厚框",up,1291,11,3,3,independent
41,"屏幕左厚框",down,1303,11,3,3,independent
42,"屏幕右厚框",north,511,31,3,64,independent
42,"屏幕右厚框",east,1047,31,3,64,independent
42,"屏幕右厚框",south,1059,31,3,64,independent
42,"屏幕右厚框",west,1991,83,3,64,independent
42,"屏幕右厚框",up,1315,11,3,3,independent
42,"屏幕右厚框",down,1327,11,3,3,independent
43,"屏幕下厚框",north,1339,11,84,2,independent
43,"屏幕下厚框",east,1431,11,3,2,independent
43,"屏幕下厚框",south,1443,11,84,2,independent
43,"屏幕下厚框",west,1535,11,3,2,independent
43,"屏幕下厚框",up,1547,11,84,3,independent
43,"屏幕下厚框",down,1639,11,84,3,independent
44,"屏幕上厚框",north,1731,11,84,2,independent
44,"屏幕上厚框",east,1823,11,3,2,independent
44,"屏幕上厚框",south,1835,11,84,2,independent
44,"屏幕上厚框",west,1927,11,3,2,independent
44,"屏幕上厚框",up,1339,19,84,3,independent
44,"屏幕上厚框",down,1431,19,84,3,independent
45,"可贴图边框_左",east,431,19,2,59,independent
45,"可贴图边框_左",south,439,19,6,59,independent
45,"可贴图边框_左",west,543,19,2,59,independent
45,"可贴图边框_左",up,1939,11,6,2,independent
45,"可贴图边框_左",down,1951,11,6,2,independent
46,"可贴图边框_右",east,951,19,2,59,independent
46,"可贴图边框_右",south,959,19,6,59,independent
46,"可贴图边框_右",west,523,31,2,59,independent
46,"可贴图边框_右",up,1963,11,6,2,independent
46,"可贴图边框_右",down,1975,11,6,2,independent
47,"可贴图边框_上",east,1087,19,2,3,independent
47,"可贴图边框_上",south,1731,19,73,3,independent
47,"可贴图边框_上",west,1523,19,2,3,independent
47,"可贴图边框_上",up,1811,19,73,2,independent
47,"可贴图边框_上",down,1891,19,73,2,independent
48,"可贴图边框_下",east,1531,19,2,2,independent
48,"可贴图边框_下",south,1095,23,73,2,independent
48,"可贴图边框_下",west,1539,19,2,2,independent
48,"可贴图边框_下",up,1175,23,73,2,independent
48,"可贴图边框_下",down,1255,23,73,2,independent
50,"灯箱实体",north,227,31,91,13,independent
50,"灯箱实体",east,747,23,35,13,independent
50,"灯箱实体",south,747,43,91,13,independent
50,"灯箱实体",west,59,35,35,13,independent
50,"灯箱实体",up,987,247,91,35,independent
50,"灯箱实体",down,987,291,91,35,independent
51,"32单位整高顶盖",north,1547,23,96,2,independent
51,"32单位整高顶盖",east,1651,23,40,2,independent
51,"32单位整高顶盖",south,1811,27,96,2,independent
51,"32单位整高顶盖",west,1915,27,40,2,independent
51,"32单位整高顶盖",up,271,799,96,40,independent
51,"32单位整高顶盖",down,375,799,96,40,independent
52,"灯箱下框",north,1087,31,92,2,independent
52,"灯箱下框",east,1971,19,2,2,independent
52,"灯箱下框",south,1187,31,92,2,independent
52,"灯箱下框",west,1979,19,2,2,independent
52,"灯箱下框",up,1287,31,92,2,independent
52,"灯箱下框",down,1387,31,92,2,independent
53,"灯箱上框",north,1487,31,92,2,independent
53,"灯箱上框",east,227,23,2,2,independent
53,"灯箱上框",south,1587,31,92,2,independent
53,"灯箱上框",west,235,23,2,2,independent
53,"灯箱上框",up,1687,31,92,2,independent
53,"灯箱上框",down,551,47,92,2,independent
54,"灯箱左框",north,327,31,3,11,independent
54,"灯箱左框",east,339,31,2,11,independent
54,"灯箱左框",south,347,31,3,11,independent
54,"灯箱左框",west,359,31,2,11,independent
54,"灯箱左框",up,243,23,3,2,independent
54,"灯箱左框",down,255,23,3,2,independent
55,"灯箱右框",north,451,31,3,11,independent
55,"灯箱右框",east,463,31,2,11,independent
55,"灯箱右框",south,847,31,3,11,independent
55,"灯箱右框",west,859,31,2,11,independent
55,"灯箱右框",up,1699,23,3,2,independent
55,"灯箱右框",down,1711,23,3,2,independent
237,"灯箱下檐_完整实体",north,203,51,91,2,independent
237,"灯箱下檐_完整实体",east,1963,27,17,2,independent
237,"灯箱下檐_完整实体",south,35,55,91,2,independent
237,"灯箱下檐_完整实体",west,791,31,17,2,independent
237,"灯箱下檐_完整实体",up,551,55,91,17,independent
237,"灯箱下檐_完整实体",down,203,59,91,17,independent
238,"屏幕顶部隐藏连接梁",north,35,63,88,4,independent
238,"屏幕顶部隐藏连接梁",east,815,31,8,4,independent
238,"屏幕顶部隐藏连接梁",south,723,63,88,4,independent
238,"屏幕顶部隐藏连接梁",west,831,31,8,4,independent
238,"屏幕顶部隐藏连接梁",up,1083,155,88,8,independent
238,"屏幕顶部隐藏连接梁",down,1179,155,88,8,independent
239,"灯箱下口细收边",north,35,75,87,2,independent
239,"灯箱下口细收边",east,1723,23,2,2,independent
239,"灯箱下口细收边",south,723,75,87,2,independent
239,"灯箱下口细收边",west,867,31,2,2,independent
239,"灯箱下口细收边",up,551,79,87,2,independent
239,"灯箱下口细收边",down,1275,155,87,2,independent